homepage,resource
 arratha.com/adapools,101838881958
0AAAA.org,20162279679027
0pctpools.com,4343379142345
1-PCT.com,2996072352025
1337.chiplife.art,618552687317
14all.dev,507449333
18.119.65.114/index.html,321385783213
1mate.io,919409268420
1pct.net,50787367927
1percentpool.eu,356437511410920
1stcardanostakepoolofindiana.com,3196585846
1wjg.com,20603691
21ada.ca,7260482938478
2Relays1Core.com,0
2six4.com,222334686411
307pool.com,5669633104427
314pool.com,2628239893374
46s.au.ngrok.io,123325261800
4goodstakepool.com,4456879029083
4tun8.tech,1297138005752
54.208.74.209/index.html,42456901
5chpool.net,749402888666
5foldfinancial.com,867416215382
5hare-pool.5pecia1.dev,21927758500
75.119.134.23/index.html,1005175300
7cs.io,8705929
7pool.io,134147939561
7ru3.com,5963222423991
888pool.io,1405756973065
8sqrdpools.com,1706049703663
A3CcryptoClub.com,2336554867901
ADA-Kings.com,12691233
ADAMDWST.com,117456240100
ATFFpool.at,317340669192
AVAcsp.com,106344819474
AirAdaPool.com,50454832880
AskCharlesAnything.com,61170611646
AvocPool.com,197372809029
BavarianStakePool.de,56482621865
BrazilPool.com,1145711243
Cardano24.com,17365692535940
CardanoADAsaverPool.ca,0
CardanoOnWheels.com,913336687
CardanoPark.com,2745858844
CardanoZohar.io,385500629
Child.Help,10000000
CryptoTuts.de,67456466
DigitalHoney.io,123734418772
DougDo.github.io/AdaPies,1001425841
DreamCardano.com,155582296755
EnactPool.com,132069041732
EpochStakePool.com,2808438244061
EsquireAutos.ca,2239201779
GigaX.io,809142273
HKBeyondr.io,43495306061
Hedgespool.com,1946433921994
InvestPool800nlb.com,1204163384
LaurenOCrypto.com,3091379718
LoneStarStaking.net,8318657852061
MintMatrix.io,660970413
OasisPool.io,68079886187568
PatriotsPool.com,118707045047
Platinum-Pool.com,201445511
Pool.Bio,3624797249695
Safestakela.com,19353990550
StakeMyADA.net,4198590116747
StakeWithPride.com,22906133411728
SudoInvestments.com,97023027
TexasStakeHouse.com,301152555279
TheMorphium.io,225480614908
Voltairera.com,12482507308537
WinePool.io,364582110651
aada.finance,898676056100
aaron-pool.site,257248304
aastakepool.com,8614139866161
abba-staking.com,32637619
abbacadabba.com,489240394
abcstake.com,241744142662
abepool.org,32618266
able-pool.io,16973093139362
ace.tokendynamics.net,8631314979
acim.org/acim/preface/what-it-says/en/s/43?wid=toc,460377578
actpool.io,2682273915177
ada-anvil.io,4585851744647
ada-bamboo.com,5303557261540
ada-bp.com,9471895
ada-candy-stakepool.com,1097764712292
ada-connect.com,22611402032
ada-czech.org,147042150824
ada-darkpool.com,298995283726
ada-dream-pool.webflow.io,1688197
ada-india.com,407405934
ada-infinitum.github.io,11118
ada-pool.s3-website-us-east-1.amazonaws.com,5647630894
ada-quest.com,289984625918
ada-sauna.net,13384425687
ada-stake.com,23579375473329
ada-staking.fr,39549140363439
ada-swag.com,15121194015669
ada-swing.net,22993353480
ada-thailand.com,131137392962
ada.661688.xyz,3168774811
ada.CountessOfLovelace.io,111863496258
ada.bestpool.pro,106115657
ada.evolhumans.com,1000819149
ada.ibexpool.com,19100020060049
ada.lovelace.center,163755733
ada.markets,2602438876
ada.poligram.de,66845007442
ada.pureland.live,64169931620
ada.solar,110623414
ada.solutions2stake.com,8639608488
ada.stakingkakis.com,151205357844
ada.tdot.finance,403949911142
ada.thenorthminer.com,1320185188096
ada.userland.se,2515309880
ada.vegas,4914624096834
ada.vnpips.com,45642181260
ada.xsec.es,684989694464
ada.zone,5105363790475
ada247.net,216027999124
ada4good.com,47276774034305
ada63pool.com,13494469513376
ada9000.io,406711972829
adaafrica.dittrex.com,2647043882
adaalphapool.com,11274803420505
adaape.com,7613217942278
adaberrypi.com,57777902531
adabreathes.com,15543567276438
adabrics.com,10406438266
adacanw.com,4095742493
adacapital.io,247937813883
adacardano.cl,42923763715
adacardano.ro,473201868838
adachain.net,115314991
adacoinpool.com,3100645989
adacoinprofits.com,54036269
adacoinz.com,1945361032177
adacryptopool.com,2587584621656
adacuan.com,215077727
adacucumber.com,0
adadeltapool.com,1132263002
adadogpool.org,1120918529528
adafarm.io,8460523952453
adaforwarriors.io,857464172795
adafrog.io,22903224277173
adage.app,13169280572844
adagir.com,72016454772
adagogo1.com,130748698689
adaheartpool.com,1320012293060
adahero.com,359096466802
adaholycs.de,6673245630
adaimpulse.club,33059042333
adainground.com,2304301437999
adakailabs.com,4557490354
adaloop.org,5178247978038
adalovelacepool.com,68150702680814
adaly.io,2808501946207
adamantium.online,12399214247221
adamantiumca.github.io/Home,92090039
adamill.io,1007430809
adamipool.com,5385293996
adamoney.net,1190342071632
adamoon.net,14295804039219
adamountain.com,5009060140
adanaut.com,375203213571
adanet.io,2717669210964
adanorthpool.com,6337136416128
adaocean.com,240972152250380
adaocean.com.au,5174479599482
adaooo.com,178259850
adaperks.com,306477104345
adapilot.com,91664063920806
adapointpool.com,23072783479222
adapolis.io,4590607821329
adapool-europe.com,11533083143
adapool.at,196170811149
adapool.bananabit.net,297218394412
adapool.hst-soft.de,9511753542
adapool.jed.id.au,263394886049
adapool.one,14241541965886
adapool.qubitvision.io,103164846
adapool.ssmu.win,563211117961
adapooler.com,720825229
adapools.org/AMZ1,7667716606566
adapools.org/AOTA,10189842505560
adapools.org/AURA,10398658633683
adapools.org/CUTE,58276782483
adapools.org/VIET,50939133722
adapools.org/pool/4fe880d45cd6170400e70adc79591d8562cbfee07e25e506422da0d7,1528544047598
adapools.tech/henry,10000033939
adapop.org,32383991065620
adappt.online,1853510775102
adaprizepool.com,31078354887
adaption.us,353512691
adapulse.org,0
adapunkz.io/pool,129608574839
adarewards.org,2217838820796
adarockpool.com,3906738239
adasaar.de,212221584
adascan.co.uk,220122395
adaseal.eu,2567573891750
adasquirrel.com,137741107544
adasrn.com,538569495569
adastack.net,19571959823680
adastakeit.io,2015433009
adastaking.co.uk,3918601004482
adastaking.eu,1060119385049
adastarnode.com,1629879632054
adastat.net,61147788085906
adastrium.io,7970224043
adastrong.com,37206194042361
adasuisse.io,1219213619015
adasurge.com,1340486162
adatlv.com,35245729
adatradepool.com,62823222557
adatree.io,4884454240019
adatrust.space,769201264505
adavanz.com,1869784442500
adavault.com,214102967826277
adaverse.com,4602271526199
adavibe.eu,138880063004
adavn.com,2508022712618
adavn.stakings.club,1224743989359
adawallet.io,1575024292785
adawingman.com,1800569
adawinpool.com,274557374
adaxstaking.io,443983292896
adayield.io,5454417106989
adazoo.com,165172863351
adazulpool.com,3637962998
adoptstakepool.com,3999314638685
adpl.swebe.vn,156787732226
aegis.eagle.fish,162746136051
aerea.network,5865827814
aeropool.org,5729819308
agapepool.ca,1190150263488
agrotcardano.com,1283032615
agua.gratis,93145971655
aichi-stakepool.com,101558214155459
aidapool.com.br,1486603484
aioniospool.com,27883075358
aionpool.pl,518928473852
airecardano.com,6947417307
airnodeangels.io,575144996
aivs-adapool.datamaven.pro,100777362
akanepool.github.io,574731403037
akyo.org,1920988014265
alfa-pool.com,4801108453225
alizeb.com,557806774948
allcardano.com/staking,10097029715
allcha.in,220554939548
alleycatmining.com,20814220323
alliancestakepools.online,100760815362
allinonada.net,4501383251
allnodes.com/ada/staking,2220236523721
alpencardano.io,293023183140
alphastaking.com,1007886952702
alps.kalu.solutions,21100561199814
altzpool.com,2321826046590
amantis.club,4874097166
amapools.info,2284081432
ambassadors-guild.io,36361959772
amicielettronici.io,1075435349
amscardanopool.com,212279682659
amsterdamnode.com,595656194602
anadapool.site,4958651408
anejopool.com,1278335352933
anetabtc.io,5187684964566
anewpool.io,314902030428
anfra.io,236710645047
angelstakepool.net,56723664520069
angkorwatstakepool.net,755053525451
animation.com/cardanostakepool,1294847098079
ankerpool.com,96794849
antimo.io,191915562765
antrixy.github.io,25220998038
anzpool.com,263904096861
apexpool.info,18707622596588
apnadb.com,1831459395
apolostakepool.com,4115538119081
appy.network,2823411
aquapool.io,1163706561913
arare.io,6872503045
arcadiastakepool.com,5003658190406
argyroscrypto.com,281502356713
arigatopool.com,2527598125
arka.techcallidus.com,10854228146
arkanopool.wordpress.com,3360346256
armada-alliance.co,7206904547
armada-alliance.com/stake-pools,12882867758
armadastakepool.com,22432272295705
armadillo-pool.org,15384790363
armfunds.org,5879394
armyofspies.io,61728872865507
arrapool.io,3498333300395
arrk.live,206442596514
artano.io,406198655441
artemisone.org,136644068
artemispool.co.uk,2148727026
artzstakepool.com,2856817977129
arubastakepool.com,174968922
arve-adastakepool.net,350501298
assetstakepool.wixsite.com/asset,1614355980611
astarter.io,6251193410685
astra-pool.com,28465756997368
atagopool.com,1854270
atlasstakepool.com,58176455433569
atlazkoin.com/adapool,1000833986
atmpool.io,14760129636918
atocatl.github.io,2047223345
atomicwallet.io,75962894930903
aus800.com.au,2763641936
ausstaker.com.au,1309440864906
autostake.net,90271637072260
avenepool.com,49528330209
axnstakepool.co.za,1225476949
ayame3.com,6820824718758
az5.io,1406218224776
azeroth.xyz,10766507074
aztecstaking.com,1830456415094
azureada.com,120430962004509
azureada.com/azdfm,24840584660357
babbageblockchain.com,605523986652
babylonpool.com,420082031
backtheblockchain.org/cardano-staking,12860725155
bakon.dev,104619396721
bakrypt.io,14740246765878
balanceanalytics.io,15435598308536
bancpool.com,33000148312
banderini.net,29095890112549
bandsonchain.com,1007620730
bankpool.io,23157447645
bardoproductions.com/bardo-pool-1,1822883
battleborgz.com,6346617432
battlewits.com,507617122
bbhmm.net,16505314407707
beadapool.com,134145195481
beampool.io,43874632108
beaver-stake-pool.net,10954224398825
bedrockstaking.com,50822679156
beehiveadapool.github.io/CardanoStaking,8249917
beerpool.io,41266725368
begin.is,12299176707
begoodpool.com,43549793989
behemothpool.com,27023966395
bekindstakepools.online,15390808476471
berchpool.com,2930251056406
best-pool.net,10008413398
bestadapool.com,41837075342
bestpoolever.com,895496568216
bigroi.club/#/bigroistakepool,0
bikestake.com,385335662569
binance.com,4507985309313
binance.com/en/earn,941327161938917
bishnoicardanopool.org,507449373
bisoncoin.io,18905585564
bit.ly/3cRZRen,601490068185
bit.ly/3fQLy8y,9842910893569
bit.ly/CryptoNOBES,118043025442
bit2me.com/suite/nodes,8052418080599
bitapool.wixsite.com/bita,20477653374794
bitboycrypto.com,5721215812434
bitcat365.com,188007710096
bitcoinsuisse.com,39420639009586
bitdax.io/senti,23760306102
bitfindpools.com,23613933
bitfins.io,11301724924
bitlamp.ch,9951043764
bitpoint.co.jp,130823149264565
bitpullstake.com,1571455502
bitstall.net,0
bitterbalpool.nl,145552135100
bkvpool.com,142578036261
blackhengeinv.github.io/RedPandaPool,875248352645
blackrocket.space,39505410130
blackstarpool.com,12267024820179
bladepool.com,71489064254622
bliss-pool.net,16314648552732
blistering.io,348245454806
blockademia.com,1487885218661
blockchainlens.org,801235678246
blockchainpilots.io,55224654348
blockdaemon.com,202177809689065
blockinvestmentgroup.com,665042474212
blocklabs.info,1166785736
blockops.zone,12600074536
blockproducer.io,826046373684
blocksandclouds.com,616377110339
blocksensus.io,701407805
blockspaces.io,79371780203
blockswell.com,2436930628143
blocpool.com,324925683073
blog.naver.com/cardano-,6228558772331
blog.naver.com/shsfse/222301957216,1338969238
blokchef.com,812165326
bloompool.io,187945505232401
bloq.com,23433361
bloxbean.com,436682937824
bluecheesestakehouse.com,120124928958363
bluehares.com,34867192657
blueocean.sg,22831817991914
blueskystaking.com,386448809038
bmpool.online,2004653126
boba-pool.com,2506086379279
boladacardano.com.br,464851879
bonafideada.com,2965411785024
bonds.org,366696282
boricua-staking.com,3650184344
bourbonx.io,4924819070536
braveheartstakepool.com,1047594297051
bravostakepool.nl,74830355729986
breizhstakepool.io,151144234949
brewclub.io,1490603900188
bridgebuilders.io,3641816883
bridgetowercapital.com,500000000
brighterelectronicstaketechnology.com,11311395280
brisnode-cardano.org,15483340623
brokenboxsanctuary.com,30477971
bropool.club,0
brothershipool.org,42551224291699
bspdefi.com,6313352649
bulletproofinvestingclub.com/index.html,1454046257003
bunniesrock.io,5000000
burns.bardels.me,15801604702
butterfly.today,342417653
butterflystake.com,0
bytepools.io,12560908982
cactus-stakepool.github.io,7426233
cadenspool.com,12121163249
cairnz.com,502624954
calvagroup.net,2492146501
campfire-stake-pool.com,9391586155138
canadastakes.ca,54020897825253
candlestake.com,3914912996
capitalstakepool.info,4076687131708
carbonarapool.wixsite.com/carbonara,207849051557
carbonpool.org,8259475717
cardabros.com,394663236774
cardalonia.io,84082452293
cardan.io,1413509385304
cardanaut.com,500624074
cardaners.com,42666890066
cardanesia.com,39514315742850
cardania.com,7244673264904
cardaniano.com,1233657421438
cardanians.io,178825825418332
cardanify.com,49705428767
cardanions.github.io,121628166258
cardanistas.io,23997130081456
cardano-ada-staking-pool.com,16860764092154
cardano-aden.com,9554767872163
cardano-blockhouse.de,16679830807265
cardano-education.com,7415570773188
cardano-france-stakepool.org,16290756526798
cardano-israel.com,2848141276917
cardano-pool.eu,5641446566765
cardano-republic.com,1353873318738
cardano-stake-pool-cologne.com,17610500918
cardano-stake-pool.online,6235559617
cardano-stakepool-aid.amebaownd.com,1285145296321
cardano-staking.ch,1603447583351
cardano-swiss.ch,0
cardano-thailand.com,8998116681364
cardano-tools.io/europool,99165476513
cardano-universe.com,1064410618584
cardano-us-east-1.tradecartel.net,12611753
cardano.afterschoollabs.io,337005217192
cardano.amsterdam,4417714643500
cardano.best,0
cardano.creativedock.cloud,2568212709
cardano.dantup.com,78956624569
cardano.devteam.inc,1561515198
cardano.fans,23557833886652
cardano.garden,16424855969
cardano.gothardt.dk,0
cardano.gratis,113482838524
cardano.ich-war-hier.de,1122819819059
cardano.ipclub29.com,43031110715934
cardano.kleap.co,3949541197
cardano.moon.bindcloud.jp,111625658
cardano.netspectrum.com:3002,176047880215
cardano.org,1090722350
cardano.org/stake-pool-delegation,164244541400
cardano.sargatxet.cloud,23870805205211
cardano.schroeffu.ch,3211527338
cardano.sd-net.org,35958981149
cardano.securestaking.io,223393315240157
cardano.stakepools.info,11043764482470
cardano.subnote.io,1501200000
cardano.turingpool.io,13059551025
cardano.ubqt-splice.com,348392426849
cardano.validators.i2r.tech,444287597
cardano.weebl.me,135304623030
cardano01.corehounds.com,0
cardano1st.com,532809541700
cardano2vn.io,151053519
cardano420.com,1955014129409
cardanoa1steak.com,2105657763
cardanoadapool.wixsite.com/pvtstakepool,94403023083
cardanoaim.io,157834368266
cardanoaldia.com,3483721408182
cardanoample.com,0
cardanoatstake.com,6010918783624
cardanoblockchain.fr/staking,1389099329091
cardanoblockchain.wiki,35245376
cardanocafe.org,74175760903478
cardanocanada.org,1645422675727
cardanocanucks.com,11554893797830
cardanocenter.pl,744397707242
cardanochinese.site,81809637
cardanoclanns.io,27914860017
cardanocookies.net,229374109
cardanocult.com,68486179105783
cardanode.com.au,62858288619900
cardanode.io,137651258352589
cardanodo.com,303823577281
cardanoeagle.com/ada-pool,4502926590973
cardanohub.net,298279098731
cardanokanal.at,2062430731189
cardanokitty.com,9485575516
cardanoland.com,100275408968043
cardanolatino.com/cardanoenglish/Latino-Staking-Pool-Eng,3107334245640
cardanolink.net,11670648018
cardanomalaysia.io,28111847582
cardanomapleleaf.ca,2106454787772
cardanomint.com,3227066413031
cardanonodes.com,528507971
cardanopool-germany.de,68972661
cardanopool.es,176884025246
cardanopool.okanet.cz,1006277905
cardanopool.xyz,6159034734572
cardanoproxy.com,1062018515473
cardanopub.io,17988077
cardanoromania.ro,37242122136
cardanorpool.wordpress.com/5-2,197125746
cardanoscan.io,31931767648355
cardanosharp.com,16480151121448
cardanosimple.com,561645229
cardanosolution.org,28252691419
cardanostake.de,0
cardanostake.io,68719868817
cardanostakepoolmx.com,0
cardanostakepoolops.github.io,5893313
cardanostaking.live,57548997
cardanostakingpool.com,1104561633451
cardanosuisse.com,6311683135617
cardanosushi.com,21176827187
cardanotech.io,3724584699502
cardanoturkiye.org,1373296426
cardanoverve.com,503725382
cardanowave.com,4120295773
cardanowithpaul.com,94049107943437
cardanox.info,273774993066
cardanus.net,23407797211
cardapool.com,3358405260449
cardaspians.io,6673787071348
cardenpool.org,93591062269
cardino-ada.netlify.app,46381028288741
cardinos.io/stake,51334827675
cardistack.cryptoconnect.uk,618016950
cardofortress.com,83401341719
cardturions.com,35392451029
carpoolcrypto.com,2870616294167
cashtano.xyz,1018842337
castlecardano.com,483044838715
catalystcircle.io,50678213394
catalystswarm.com,505776067279
cbosp.com,43559776922
ccj123.html.xdomain.jp,68148662642055
ccodexstakepools.com,57805624907
cdncardano.com,127958685264
ceap.io,61829397972
celsius.network,85350527275794
celts.io?pool=anne,197226280
celts.io?pool=celts,540700677
celts.io?pool=chloe,197226148
celts.io?pool=maeve,197226148
cent.stakepoolcentral.com,1691210478298
centimani.io,3358798552685
centuo.com,908196009
cerostakepool.com,63438193278169
cerp.dev,1009325870
cexplorer.io,724042724587
cflowpool.com,19999303003157
chaincrucial.io,561870258210
champada.io,4199998677116
change.paradoxicalsphere.com,524912479762
chaos-staking.com,4703161480111
charity-pool.ro,23003467167637
chatgptpool.xyz,378851670
cheaperpool.com,18016087735
cheapstaking.com,17511446865797
cheddarpool.net,126003727
cheekycrypto.io,8131498489311
chefpool.org,21403192202615
cherrydao.org,97624556
chfpool.wordpress.com,91805643534
chicando.net,25495659737
chilestakepo.cl,6050323353009
chilledkongs.com/pool,574284783807
chinablockchain.io,2024705879
chip-coin.com,2206391315887
chunkymonkey.us,4301669155840
cielstakepool.com,13233924043
claynation.io/stake,31835715320583
clean.watercontaminationdata.org,5585614991
cleanwaterstakepool.com,84667168433
climateactionfundgroup.com,495417297401
clio.one,32904933496308
cloud.chainup.com,144440059
cloudboom.io,1775776252871
clovernodes.io,1705661842145
club101.io,302553496769
cnftpool.com,76157592161
coachellavalleystakepool.com,17585020357
coconutpool.com,209892529532
codanar.com,4774245774316
coffeepool.jp,45556996194360
coffr.info,72724668586
coin.z.com/jp,13560212025881
coinbase.com/cloud,35151773179820
coinminter.io,124497618310
coinpayu.com,14128861622
cointourage.com,7401751
coinzzz.jp,172106906474712
colonystake.com,91892951454
coloradomint.io,25101799111
cometstaking.com,515619014
commerce.sleepingnatives.org,253169965948
congeepool.com,9148949525934
consensusmonky.de,1216568339687
contextsolutions.com,283732857338
convergencepool.com,19640603255
copenhagenvertigo.com,205618530
coralstake.com,603378662909
cornerstonestakepool.com,7727136525
cornucopias.io,26637395255956
corstakepool.com,310889626108
cortexpool.io,2342124049
cosd.com/pool,15504667701729
cosmicassetpool.net,25474819701442
coudrebros.eu,90270091596
covepool.com,545559713
cowabungacrypto.com,9618398
cpool.podzimek.org,35531270916
cpoolsunited.com/pool?id=CPU,84157449318
cpoolsunited.com/pool?id=ERA,91741893540
cpoolsunited.com/pool?id=MINES,19556372252
cpoolsunited.com/pool?id=VENUS,5618916653267
crayoneaterhooahpool.com,0
crazeekennee.com,24662805041
creakyion.com,0
createplanets.com,8060562756535
crimsonpool.com,6313385507182
crocopool.tilda.ws,99442997
cross.technology,0
crowdano.com,27498228273272
crown-tech.co.jp/ctecstakepool,41254960090706
cryingmybest.com,20612209178
cryptedhoard.com/pool,147761510124
crypto-economy.com,0
crypto-loops.com/loops,1663434196778
crypto.ro,66223398516
cryptobounty.org,9273371281326
cryptocoffeebeans.com,6857746387
cryptocolony.cz,1359826759080
cryptocujo.com,12037639443
cryptofay.io,1335559876658
cryptofunctional.com,2422654751257
cryptoicarus.com,14476153680
cryptoland.club,1893354467
cryptoman.tech,75381572531
cryptominingsunmalaga.com,2559137316
cryptopath.me,13341401344
cryptopool.dev,79353837073
cryptopoolparty.com,156014530752
cryptovios.com/stake/ada,4537191854281
cryptyolo.com,70260195919
cswap.info,5360828263720
cunum.com/crypto,207580445
curryoncrypto.com,1320345867774
cutt.ly/ADAGO-pool,20819289590
cybereye.fi,4767922558
cyphergrunts.com,111625680
cypherkicks.com,111418123380
danketsu.io,1347622403247
danteachescrypto.com/cardano-staking-pool,48036605602055
dappcentral.net,5332136205967
dappslatam.com,388299437219
darkartopia.art,31164149863
darthpool.com,9486132
dataDyne.earth/cardano,2207914128033
davidlikescrypto.com,6273880912236
dawnstarcorporation.com,3039106970
dbooster.io,240162942360
ddos.design,3744559519609
deadpoolcrypto.com,4392762990904
decentralizedreality.io,9322740098
deependpool.net,98163567065
dega.org,2807816200943
degas-pool.com,224657517237
dekrom.dev,70290627516
demu.pro,495282744
denadapool.io,1421069752983
deni64k.online/cardano,95051017535
dentedmoon.com,215689911322
derpbirds.io,209672157556
designsesh.com.au,0
deviceworx.com,554406801
devilpool.org,210493346612
devio.dev,1008611006
devstakepool.github.io,2445688919933
dew-stake.com,4621627282265
dex.adax.pro,3964958684
dharmapool.com,4975721600
diamondpool.io,10326600786207
digitalarkpool.com,22095064081
digitalfortress.online,186402103125411
digitxstakepool.com,8009081322
diing.com,309335422013
dionysus-pool.io,353107324180
discord.gg/jgVVFwgGuQ,629062399868
discord.gg/seDexvNZ,3315346446
discovery-pool.com,6646649890771
dk-lab.ml:6285,45453232467
dltsecure.net,151320921885
dochdoch.gitlab.io/add,869207458808
docs.discoin.family,265042398372
dolcapool.eu,588894808323
doorkstaking.com,2806116247366
dosstakepool.com,183357976024
dot-stake-pool.amebaownd.com,2216948826809
dotare.io,702559237768
doxacrypto.io,916689662532
dpadapools.com,691431231
drokdev.pro/blog,1012075370
drunkendragon.games,1484207410045
dsit-pool.github.io,1749413162
dubaistakepool.com,547121007129
duckpuddle.us,1002437424
dutchpool.eu,1163232314585
dynamicstrategies.io,295035041071
dynopool.com,89173786609
dzpool.net,23482538
e-quainted.com,528015204
earncoinpool.com,1205495967185
earningcardano.com,7528151714842
earthnatives.io,3375145957
eastern-bloc.biz,101376006
easterntownhall.com,14831860297463
easy1staking.com,8303665431568
econoweb.be,1685515443
ecopool.io,40877566611729
ecxtoken.io,27621830
eelada.com,187970322017
eguard.io,1481390053
eldenpool.com,1116854900894
elemental-staking.com,186252705633
elevate-staking.com,3857047153
elipool.com.au,1237309818
eliteADAstakepool.com,509235798
elitestakepool.com,19458471980318
elladapool.online,86558472469
ellipal.com/pages/ellipal-staking,6278496169169
elmpi.net,919037779761
empowerstakepool.com,53016360216
emurgo.io,139087551583028
en.wikipedia.org/wiki/Philippines,52861149941
en.wikipedia.org/wiki/Unicorn,8618750
endeavorstakepools.com,53721431368866
enjoyadastaking.it,6988701662
envystakepool.com,1176807988553
epicpool.eu,185056379961
equitystakepool.com,5114922901
espressopool.net,1100522781
etoro.com,531876219364714
euadapool.com,13216000539
euskalstakepool.win,1603123020484
eutxo.net,34001574488
evaginger.com,244579058982
ever-peace.blogspot.com/2021/03/welcome-to-my-blog.html,179886983
everestpool.net,1079588927606
everstake.one,45685062352085
everstake.one/cardano,461313203788015
everyblock.studio,1690033772
evochro.me,1164844844588
expo-dow.com,7354858044749
exweb.it,864091226382
eyeoftheking1.wixsite.com/eokschpool,93038761988
ezpool.github.io,100609921
ezpz-sandbox.mxapps.io,11419101550
ezstaking.io,163039113
eztero.github.io/TricahuePool/index.html,223509863745
fabiosiqueira28.wixsite.com/pool-fsscardano,158222233
facebook.com/Freedom.Socal,26268252112
facebook.com/STPZpool,757791162735
facebook.com/groups/adastakepool/?utm_source=adapools.org,451408503347
facebook.com/tony.carin,2141719129
facebook.com/vantoan.mai.7,5223772
facebook.com/zelda.stakepool,5911839531
failfection.com,0
fairpool.eu,66115359664835
falconstakepool.com,168659991398
fasostakepool.com,774249005729
fast-g-pool.com,258392473301
fatech.net/cardano,820025746
fatfrog.io,510595964460
fatstakes.com,50678980281
fedot-netot.github.io/free-cardano-pools,521180691679
feel-mining.com,162206167554
feelstakepool.com,8242085549522
fehupool.net,93915586477
felixpham.com,769228193662
felizstakepool.com,1497611094
fialka.live,2320377400503
fideliostakepool.github.io,2153954331
fightpool.io,266820807662
fikapool.com,7804911358882
fimi.vn/ada,20207838091674
fione.co,294865770
fire-pool.com,448861292795
fixedvalue.com,3111297391
flac.finance,274824900493
flairstaking.io,606881065677
flownode.xyz,48632124674
flowrpool.com,211350172421
fluidtokens.com,26432895099739
flycardano.com,1034818627760
foo.com,728766885
foo.foo.com,24404162
footystakepool.com,18621214
fore-co.ltd,1142587732
fort.is,9113466488
fortepool.io,52912085803867
fortuneada.com,1181120440
fortunepool.net,3568575778710
fourbrothersforada.com,7070749294
fox-staking.com,2752688285
frcan.com,738524062780
free-york.com,109340149283
freerangehumanity.com,3360713955
freewallet1.net,497625746
freshpool.ca,234760334905
friends.staking4ADA.org,13942845162616
fritz-stake-pool.com,631698434508
froge.world,179063953557
frontierpool.com,42015055457
frontierstakepool.com,531275577
fujistakepool.com,7140054097
fungi-pool.com,1461433198091
gaiastakepool.com,967078261819
gaja-ada-pool.org,105132223
galaxy-stakepool.com,9779611806
gappool.com,17236444
garden-pool.com,291843966781503
garlicknot.io,162110596
garudapool.id,12851369
gdefipool.com,148446959238
geekme.com,466084377
geminipool.io,0
genepool.one,7266185503108
genesis.space,2023657417968
genieblockchain.netlify.app,101031739
genius-x.co,12406658104196
genkipool.com,1027581554458
gerowallet.io,1755024411963
getent.ch,1047641190
getgigs.com,2897791332648
getwildr.github.io,10575874143
ghisx-pool.com,1941795356340
gibon.online,58671676460
gimbalabs.com,1078382667600
gist.github.com/5dd3fd1c9305ee8da5a4b0e0c7c6c764.git,250000000
gist.github.com/urbal999,2046640231
git.io/J1SA0,2946529053
git.io/JD1Aa,157622050
git.io/JItdr,92493433277123
git.io/JLN8S,47821475
git.io/JR2Vl,20461133742
git.io/JU5Hg,24295423641662
git.io/JtD9N,17758678
git.io/JuelI,4907458502
git.io/JukXf,2256562616
github.com/771test/testpool,27624910
github.com/ADA-MARS/POOL,702102362519
github.com/AcuteGravityWavePool,497625394
github.com/BYOBStake/BYOB,51339332
github.com/Kassiel706,23588495903
github.com/SIMPLPool/SPO,2497154491286
github.com/cjthelegend/cardanoDogePool.git,27597982
github.com/code-john/GIBSPOOL.git,511697133
github.com/crest9999,16048227734182
github.com/desayuno11,39928579905611
github.com/docvlad51/p.git,110497619322
github.com/dodopontocom/yacp,1220778451
github.com/empo990/matrx_adapool,223194252
github.com/gitmachtl/StakePool-Operator-Tools-Alliance,97221214432
github.com/korea-gazuaa,87301895068
github.com/libertalis/cardanomateas,1036602956077
github.com/mc587,98264824
github.com/monolith-pools/monoblock-cardano,247210196
github.com/morgworth/SNDC,308097517
github.com/nvhieu1978,1907853987
github.com/rdlrt/rdlrt-pool,18904433522799
github.com/rgdl12345/rgdl12345,10030003302102
github.com/ryomapool/ryoma,20169175174482
github.com/schnph/dedwen,502251844
github.com/stakepoolhub,12464082106696
github.com/tienna,15480221659247
github.com/totallyradnetworks/cardano-core1/blob/4b0116270d0f83d700443450942ccc106087e785/poolMetaData.json,476652900
github.com/uniVocity/shopify,138411265116
github.com/wir3code,2869440505
github.com/wwan888/ADA,22478152324
glasspool.net,583646133
global-harmony.live,2761946533
globalstakingpool.com,5723044852
glowstake.com,2542966949
goalstaking.com,2032319809
goatstake.com,90852240808714
godel.club,7395261117
gokey.network,2788200162279
goldcoastpool.org,7592536802
goldcoaststaking.com,685226564345
golgi-pool.it,102450507525
gomapool.com,180013496935
gonzo-gongon.wixsite.com/website,1665757
good4you.ru,7382105151
goodpanj.org,109221230537
goofinator.com,5842725971890
google.com,67612679713
gpg-stakepool.com,1493793161
gqs-rain.de,464078945
grahamsnumberplus1.com,678662264983
granadapool.com,15205838786563
grc1.netcount.gr,596529989561
greatstakepool.com,9525183073
greenpoolada.com,2939820872
greenstakepool.com,984243648435
grokism.com,9306845910
groot.earth,89551515540
growpools.io,33250456447555
growyourstake.com,1966542825814
guildwork.org,527625746
h3artpool.com,72829431235
hada.vn.com,2623585533105
halostake.com,42068428500
hamster-stake-pool.de,121282531324
hanabi-stakepool.jimdofree.com,144672827272
happystaking.io,128011389577
harborstakepool.com,20038402664
harmlesscoin.com,0
harmonicpool.on.fleek.co,407444840903
hashquark.io,14366830909
hashvalley.github.io,8193358268602
hawaiicardano.com,3203720088
hawak.cloud,611723156825
haxmode.io,9975834
hazelpool.com,5888723236030
helloworldpool.com,3879975232
hendrikschmeer.de/crypto/pool,3969519067
hephy.io,99419571785
hermes-stakepool.com,52560757562979
herostakepool.com,18713396092041
hicoin.ca,3264940971
higer-stakepool.com,1500600798
high-pool.atwebpages.com,6220277331
himalayada.org,37987754
hinomaru.blog/lp/hinomarustakepool,1093427406219
hippo-pool.com,46628663620
histake.eu,275097662741
hivestaking.com,352506196786
hodl4tesla.com,31289681319
hodlada.today,136186045771184
hodlerstaking.com,14909635754595
holastakepool.com,63861542122
hollandaisepool.nl,3502420645
holomorphix.xyz,80000107593
holygrailstaking.com,37882429679
home4cardanians.online,1049003041
honeystake.com,433721662368
hotelginebra.com.es,2433459780580
house-of-cardano.io,8755036
htkp.tokenchain.network,0
https:artburn.io,188939307
huatpool.com,842390408016
humanity-pool.com,21802744284
hunny-pool.com,1863004435061
huskypool.com,7997793026365
hwlegnano.it/cardano,260166687195
hwsp01.worldmirror.com,1544341958
hydrapool.io,1210616693
hype-staking.com,1044033454029
hyperlinkpool.kr,27536727256649
hysleeper.github.io/meow,5598267638621
i-design.watson.jp,13505810375
iagon.com,5260196378775
iamx.id,16693451299093
ianesthesia.org/sage.html,5032633348203
ibexpool.com/basho,19948899254170
icoresearchgroup.com,1298516313
icryp.net,403555685276
ideal-stake-pool.com,417359443604
idopass.finance,154738626727
ids4u.be/staking-pool,1728789642012
ihwc.pl,923691183
ikinaristakepool.amebaownd.com,29016440391975
ilukapool.com,190900198108
impacthk.org,76827858322
inboxstrategy.com/inbox-pool,903951793
incrypture-ada.com,34853775483
indiepool.co,1225913535731
infiniastakepool.com,11429229725153
infinitepool.io,18826926066
inflw.online,0
informatik-spezialist.ch,61722146193
infstones.com,1576249370706
init100.com,5577986
innovationsvault.com/INV_MetaData.json,3140508518
inspirationpool.io,1739103467
iohk.io,263035590099900
ipmcomputers.com,1442483670
irfada.co,2158269859
ironpool.net,8439909563
ironstaking.space,1577976
islandpool.github.io,145825699
ispool.live,2225769512190
isygnal.com,530196550718
ivanhreskiv.github.io/veles,157598963
ivpc.org,8341779419
ivyoracle.xyz,0
januspool.org,578416618912
jayfieldnet.io,0
jazz.jazz-pool.com,21498462055193
jazz2.jazz-pool.com,22319863798794
jazz3.jazz-pool.com,34487852920073
jazz4.jazz-pool.com,31729476239743
jduquennoy.gitlab.io/jdfr-stake,5902168208
jerypto.io,156277982
jiffpool.com,1032235168
joeystakepool.com,3177345984259
jorgepool.com,3167428070284
jr8974.wixsite.com/dankcentral,536842986
julienaklei.com/cardano,77004093877
junglestakepool.com,74627231231
junostakepool.com,18375723496307
jupiterada.com,1000000
juststaking.com,4447320054866
k2pool.com,130601408
k8s-pool.subnet.dev,1454122731301
k9kstaking.com,661224646696
kablammo.com,0
kairospool.azurewebsites.net,26625012024
kaizencrypto.com,47750178168004
kanayama11.xyz,8924733320489
kanayama12.xyz,3182189973096
kangaroo.onl,123541534581
katanapool.com,86609057449848
kawancardano.com,1167821654629
kazunaka.com,38463920611071
kblocks.net,13330833241600
keen.world,9892022
keipool.com,4047973036330
kestrelpool.com,2007823514
kevmate.com,4118408355801
khanpool.com,90886238078
kibatsu.club,505546610587
kiln.fi,273149885327868
kindstakepool.com,5670136114825
kiwipool.org,55262845928715
knightsofada.com,228312765825
knightsofcardano.com,272639409620
knockturnalley.io,1477924131
knoxprotocol.com,215569841
koalapool.org,11822656896894
koipond.xyz,5001526855
komanipool.com,300093772
kopipool.com,61675303973002
koralabs.io,16939665811656
koreapool.io,10396559673655
kowloon-central.github.io/kowln,21740744645
kraymerica.com,126653747176
krewe.cloud,74597368355
kriptolando.net,15769683678
krypto-knight.us,72332988714332
kubecoin.org,12620906
kudos.wiki,114280001
kumojoy.com,5007155794
kurdopia.store,1651085864086
kuris.org,2475341612919
kylek.online,37932825619
kyoku-pool.online,278834250717
kyotostakepool.com,940554831587
kysenpool.io,16866453823220
l.ondrac.cz/adapool,1282530275
l.thibautrey.fr/m31,784476660
l3labs.org,1722370935
l3labs.org/fenrir,24517029
lab44.io,1218745969541
laboticaanimal.com/stakepool,109415937
lacepool.com,16666758648011
lafrontiera.net/cardano,63907383326
lakecardano.com,3635657587
lalkul.com,811385281334
lambdastake.com,1307363252264
landsharing.org/cardano,1000009
laninpool.com,2777695130
laponia.io,44554552433
larissa.health,562958770621
latamstaker.com,497980087633
latinstakepools.com,19495683096573
lazerdye.org,13189835679
lbcrypt.com,6640597368
leadstakepool.com,14105807637642
leaf-pool.com,24398161654941
lendpool.org,233696407669
let-them-eat-stake.com,1372424166612
letsada.com,306685167
lexen.be,307620906
lfgpool.github.io,0
lgbtqpool.com,259115660189
liapool.com,5929756486
lidonation.com,2295546484164
lighthousestakepool.com,172072475972
lilystake.xyz,2776001624090
linkedin.com/company/puppool,7366358203
linkedin.com/in/dubyit,36313357
linuxpool.io,107145887
lionpool.io,7953866194
litstaking.com,1115795462866
lkbh-pools.org,283091560201
localnft.io,197624030
logicalmechanism.io,14617740286249
logiforge.com/cardano1,8704721724
logyqprotocol.com,47281368
londonpool.co.uk,15438248694623
longshortsignal.com/cardanopool,2288095679636
lootpool.io,4776420984663
lordb.rocks,735815894592
love2stake.com,863277619695
lovelace.community,3473525926235
lovelacepool.com,57117611766309
lowIQ.rocks/lowIQ.metadata.json,30697959999
loxeinc.com,352876103788
lttrstakingpool.org,626690294
lucid.rizome.io,79200764088
lucky-pool.com,1871807718670
lucky777.io,11060637004
lucky8888.org,7952568
lucy-pool.com,16481229362
luganodes.com,48649541360665
luminapool.io,603325862977
luna-pool.com,1364751983014
lunarpool.io,1281439009583
lungurazvan.ro/cardano,280908467839
lvlup-stakepool.com,660202903313
maasai.io,26032497579
magicada.com,177788132
makerkarma.org,0
maklms.com,496719173
mallardorder.io,881368725489
maluiin.com,29027708646264
mamakpool.com,377285628730
mantispool.net,26402008693829
marsbirds.art,13342192439
martestaking.eu,508751460
mashelem.xyz,55456744
masterstake.com,29489891103359
matakanode.io,0
mateada.club,219757737935
mauicardano.com,17139509538
mav100.org,27162571700
maximapool.com,77512682
maxitint.com/Great_Aussie_Stake.html,97236752
mbcg.io,1352089138422
mcrypt.me,15351842619
mcwhirter.com.au,317285972134
meapool.com,150299052481
medium.com/@metash4rk,2386319
mediumrarestake.com,7831333431
mediumrarestake.mitchjonesengineering.us,725364027717
megastakepool.com,43972980419
meld.com,384196005752
meritus.work,350492815919
merklestaking.io,12021113428
metaada.com,544222702
metablx.com,1160120591871
metadex.fi,2963404517148
metamorphys.github.io/EucalyptusPool,218438567296
mi-defi.com,57163562718
miaspool.business.site,593799895
microstakepool.com,12252292972
midgard.digital,221971270272
mihopool.com,635709943869
milkpool.org,17427226
milky-pool.com,3946036750765
milpools.com,270692418230
minasan.io,1416754726131
mine-ada.com,65343257318637
minswap.org,64828120912474
mipool.one,157627565
mirabiliacrypto.com,708963361344
missionzambia.org,5015067247
miyabi-kyoto.org,7389097840102
mnmcharitypool.github.io,538425594
mobc.work,936872673280
mobile.twitter.com/NGS_KGSP,1147274530100
mochipool.com,5898403531481
mokshpool.org,47645806292256
mokumstakepool.com,192389774381
monadpool.com,1248220551213
monedacloud.io,127603734423
monster-stakepool.com,99315151496
monsterstakepool.com,1652303744
moongangx.com,10181917
moonstake.io,499216589409808
moralesstakepool.io,244005222
morecryptoonline.com,310633636321
mornepool.com,10542004711
mostaking.com,309087607693
moton.io,46288804861
moxietech.co,662740878850
mtrxpools.com,1679949496
mtsk.link,2924031090
muen-project.com,32546522166649
mugen-pool.com,5842896787767
musicmessengers.org,502580210
myadanode.com,13118010042
myadapool.com,9619058
myadapoolnamerocks.com,18266574769654
mycointainer.com/assets/cardano,98024643
mylo.farm,533877997962
mystakingpool.com,386440554
nampool.org,144698748
nanipool.com,5316985778628
nanyka.com,39894629113
nasec.co.uk/cardano,5824840353922
nectr.one,18699129294
nedscave.io,135395459222234
neighborlypool.xyz,3012983449733
nemo.global,438436995831
nemopool.co.nz,52237703
neocasbah.com,11083547903
neoply.io,2541262196
neptune-pool.com,500412330
nerdco.io,306763214
nespool.com,7646352671839
netsecology.io,134482053242
newm.io,103840226813913
nexuspool.org,670708223074
nftcreative.ca,778141385989
nftonstake.io,665776201
nftraffle.club,11136320590
niftycharities.org,103070019
nimuepool.io,2124095087824
nizi-stake-pool.com,178599836954
nmkr.io,3427076121143
no-tax.biz,1388907089873
nobelware.com/Cardano,28169592595
nocapstakepool.com,341624605
node.thefatpenguin.com,26172047637
node4090.eu,2491888820
nodeasy.com,64611452730881
nodenetworks.org,34289431665222
noether.tech/blockchain,512621610
nomadpool.io,16202502440173
noms-stakepool.com,109407819397
noopspool.com,516298691131
nordicpool.org,259356230930013
nordicstaking.se,14427791898
novapool.io,1512446673612
nspyrpool.com,1335433169895
nu.fi,695858447780115
nuclearstake.io,9927549885
nudiada.com,2517307792
nxgn.co.th,197299065
occam-x.fi,5498993258682
oceanblue.mr-bandwidth.com,158530782
oceanofone.com,201929822
octaluso.dyndns.org,64078251581409
octivio.com,3099077060
oda.fimi.vn,3092547
odin.baselinux.net,1390402055928
ohanavalhalla.com,727007412878
okex.win,8041755996983
oleum.net,522675887371
omegastaking.wixsite.com/website,4738366
one-step-cardano.com,28205857211358
onecommunityada.com,2001274015098
oneequity-staking-pool.com,507306678020
onepercentfeepool.wordpress.com,24086469062
onetreeblock.com,2481080060721
onyxstakepool.com,125953424118125
opendawn.com/DAWN,20139091807
orangeandblue.io,5674271546334
orcada.io,5620538523096
orcahub.net,92633094
orcfax.io,3552950809992
orpheus-antpool.github.io,202800070116
osaka-pool.com,12796994095947
otakupool.com,541659178925
ouroboros.mobi,13027499844204
ourostech.com.br,5793889287083
outerspace.money,1527205805472
ozgreen-cardano.com,30207799023
ozzy-pool.com,33681030361556
p2p.org,46407620186571
palebluedotpool.org,7705495240
pallamus.com,218615274
pandapandapool.net,366266153639
panl.org,384689582674
papertopia.io,48892803444
paradise-staking.com,237639038331
parisadastakepool.fr,1822098926266
pasta-pool.com,47778781850
patienceovertime.com,524287117002
pdtpools.io,245564278227
peakstaking.com,50029978671
pegasuspool.info,1380441565654
perdix.xyz,8253953631
perkypool.net,505230372
perpetualindustries.com/gem-cryptomining.html,32036957
perplexus.io/dao-pool,50992231763
petloverstake.com,408518668378
pgpstaking.com,125588156998
phillystake.com/cardano,96202235581
phlovers.org/fruit,189953758772
phoenixstakepool.com,1523234
piada.io,17949851060554
pieceofstake.com,233961684094
piestake.com,4473022257
pigofapool.github.io,790075488417
pimpmypool.github.io/PimpMyPool,1000713424
pinas.live,7622358
pipemind.com,5422940358
pipool.online,47325666091960
pixelblock.io,1981130855
planetstake.com,38576147649974
plantacrypto.com,838140754359
plebpool.com,91609897464
plotcardano.com,70479119233
plushpool.com,38584165270946
plusless.love/plusless-cardano-stake-pool,20501291977
plutusoracle.com,58856146098
pmware.ca,152787766237
pnyx-trading-co.com,352503770
poapool.com,3688309290824
poemstakepool.com,407236885070
politikoz.io,343801133971
polypool.io,70621115387236
pool-party.co,3778413908146
pool.ada.viamaple.net,218055983
pool.adaph.io,190599753928
pool.astch.com,78055048376
pool.cfort.tech,0
pool.cryptobus.fm,1267158254730
pool.fluid7.com,1424893929305
pool.kapybara.io,107620598
pool.pm,2481245489788
pool.ravendex.io,157032375489
pool.rickycoder.com,516425793
pool.stakenode.one,2000000000
pool.sublayer.io,1532748141116
pool.teknik.fr,10137954961
pool.uplay.io,1588049383
pool.uwabl.io,47662415673
pool.vertica.se,3445766739
pool.watchavideo.com,92446114964
pool.yuli.us,6481489374
pool_id_1013,497625262
pool_id_1018,7620000
pool_id_1048,300822669
pool_id_1056,532618310
pool_id_1064,497625350
pool_id_1070,160730261
pool_id_1095,0
pool_id_1098,429144410
pool_id_1114,1134742283250
pool_id_1122,4593662
pool_id_1124,376518669
pool_id_1127,100838685
pool_id_1136,18269664
pool_id_114,56595567454
pool_id_1143,502300231
pool_id_1145,1014271248
pool_id_1147,1000000
pool_id_1153,96634341
pool_id_1181,4000000
pool_id_1185,500000000
pool_id_1203,2342285156
pool_id_1204,114848902
pool_id_1211,12621038
pool_id_1221,27617078
pool_id_1232,548606340
pool_id_1233,2486679
pool_id_1238,0
pool_id_1254,0
pool_id_1255,5341736360
pool_id_1259,0
pool_id_1273,0
pool_id_1278,0
pool_id_1282,80466289
pool_id_1288,497420337
pool_id_1293,0
pool_id_1308,2450653
pool_id_1310,24923870
pool_id_1316,7054091
pool_id_1326,49055495
pool_id_1330,7475689
pool_id_1332,0
pool_id_1349,347620334
pool_id_1367,0
pool_id_1373,2173026454
pool_id_1375,0
pool_id_1377,1047621962
pool_id_1384,3000000
pool_id_1389,19453176
pool_id_1407,0
pool_id_1434,0
pool_id_1437,135569726399
pool_id_1440,124122312269
pool_id_1441,128156626502
pool_id_1442,140791021550
pool_id_1443,145469348917
pool_id_1444,144257381021
pool_id_1445,130377442594
pool_id_1446,3678935
pool_id_1448,107845589
pool_id_1456,27624822
pool_id_146,726170453
pool_id_15,44728341386034
pool_id_1508,0
pool_id_1540,43736755282186
pool_id_1545,99280884
pool_id_1554,0
pool_id_1563,0
pool_id_1578,13065308455
pool_id_1579,1273621918
pool_id_1595,97624734
pool_id_1606,640942071
pool_id_1616,10984954
pool_id_1621,15005560124
pool_id_1633,3297645911925
pool_id_1634,680266470
pool_id_1635,1099411067
pool_id_1640,502365742
pool_id_1647,3866076017
pool_id_1648,0
pool_id_1653,1000100
pool_id_1654,1000100
pool_id_1658,10044302704591
pool_id_1678,1044631
pool_id_1683,101250210
pool_id_1715,29681999080
pool_id_1721,88859061084
pool_id_1730,0
pool_id_1742,366625702
pool_id_1749,1000000
pool_id_1753,3396396549
pool_id_1758,2621434
pool_id_176,30573681586200
pool_id_1761,313285815
pool_id_1762,148091537
pool_id_1798,44454085
pool_id_1810,11000000
pool_id_1841,8442161
pool_id_1855,525372401
pool_id_1860,66488296
pool_id_1868,0
pool_id_1869,497432393
pool_id_1875,4613646
pool_id_1887,148435878
pool_id_1889,0
pool_id_1897,0
pool_id_1902,0
pool_id_1907,2639298
pool_id_1918,1773860
pool_id_1930,163622402
pool_id_1935,0
pool_id_1941,507236356
pool_id_1947,709774294794
pool_id_1977,107224476
pool_id_1983,24247807398
pool_id_1996,220848661
pool_id_200,97510309
pool_id_2004,1000000
pool_id_2008,0
pool_id_2053,2532541028
pool_id_2066,598614966
pool_id_2074,2081122
pool_id_2092,100257520
pool_id_2095,42255502061
pool_id_2110,2735858
pool_id_2141,504683670
pool_id_2145,58208547149
pool_id_2166,0
pool_id_2170,326466865
pool_id_2186,0
pool_id_2198,498625042
pool_id_2208,5398685
pool_id_2209,397921363
pool_id_221,1221941
pool_id_2220,834033594451
pool_id_2236,1293493236
pool_id_2262,150990903879
pool_id_2270,0
pool_id_2271,9245545780
pool_id_228,572915210
pool_id_2288,1322858
pool_id_2295,25825259
pool_id_2296,1822684341
pool_id_2301,100000000
pool_id_2314,776657131
pool_id_2315,109063264
pool_id_2335,0
pool_id_2357,22424605
pool_id_2364,0
pool_id_2366,20061667
pool_id_2376,2443789
pool_id_2382,17853779131
pool_id_2406,1111640332396
pool_id_2410,100000000
pool_id_2425,20684441149
pool_id_2442,25539160274
pool_id_2461,1087822733
pool_id_2469,0
pool_id_2471,10010883882
pool_id_2474,11633160
pool_id_2491,0
pool_id_2494,51873845866
pool_id_2508,1000000
pool_id_2514,487849465
pool_id_2519,391087660
pool_id_2531,5097623546
pool_id_2533,40459562385
pool_id_2538,71130510816
pool_id_2547,1000000000
pool_id_2551,47525743
pool_id_2554,0
pool_id_2555,0
pool_id_2557,1000000
pool_id_2579,413436405205
pool_id_2621,653014581
pool_id_2622,5885306
pool_id_2626,10843473
pool_id_2632,2250458034
pool_id_2636,2618354
pool_id_264,97620466
pool_id_2641,0
pool_id_2657,240722383
pool_id_2661,1212621566
pool_id_2686,101227512
pool_id_2700,148796601
pool_id_2710,6192921948
pool_id_2719,2742048
pool_id_2745,20015900
pool_id_2748,0
pool_id_2762,1047231164
pool_id_2773,117793913140
pool_id_2780,57425793
pool_id_2796,52037404
pool_id_2798,0
pool_id_2808,1085758658
pool_id_2819,8569559676
pool_id_2854,19736460
pool_id_2861,28679053639
pool_id_2866,142817213898
pool_id_2881,150610962
pool_id_2883,75438752438
pool_id_2894,507423329
pool_id_291,1865490
pool_id_2915,6734321082
pool_id_2922,25504573032
pool_id_2936,1093094791
pool_id_2944,607393771
pool_id_2964,12440621
pool_id_2967,6453117
pool_id_2994,15793119806
pool_id_3004,133400000
pool_id_3008,5399069147
pool_id_3012,127837672
pool_id_3022,120303510597
pool_id_3027,30471557042
pool_id_3033,18816176
pool_id_3046,69720767
pool_id_3051,0
pool_id_3080,0
pool_id_3081,70449031
pool_id_3083,17425265
pool_id_3092,50425749
pool_id_3096,0
pool_id_3098,0
pool_id_3104,0
pool_id_3119,823691786408
pool_id_3124,160153384
pool_id_3132,102616550
pool_id_3146,22420601
pool_id_3209,596889206
pool_id_325,0
pool_id_3279,34882455780
pool_id_3280,1814347
pool_id_3281,4386715
pool_id_3282,1419407
pool_id_3283,1621519
pool_id_3288,10200319760
pool_id_3313,309271584
pool_id_3319,97623898
pool_id_3320,552424253
pool_id_3338,3627705752
pool_id_3355,50411118
pool_id_3359,406436573
pool_id_3368,127046347
pool_id_3373,3578660940
pool_id_3379,119036341
pool_id_338,4554611863
pool_id_3383,0
pool_id_3388,0
pool_id_3395,1400000
pool_id_3396,1379200
pool_id_3397,1978290
pool_id_3398,1379200
pool_id_3399,4819407
pool_id_3413,1000000
pool_id_3415,6738263
pool_id_3433,0
pool_id_3435,2342381143
pool_id_3445,501132556
pool_id_3454,497625174
pool_id_3467,112759267933
pool_id_3476,313102507516
pool_id_3479,15768277545
pool_id_3489,14776577
pool_id_349,0
pool_id_3493,287686372
pool_id_3496,2007228
pool_id_3510,645079510
pool_id_3514,1379200
pool_id_3515,1202490
pool_id_3516,2229858
pool_id_3517,2231905
pool_id_3518,3000000
pool_id_3536,1053239172
pool_id_3539,3009507338
pool_id_3547,1238764190825
pool_id_3557,117618178
pool_id_3573,10341439785
pool_id_3574,167368737
pool_id_358,18737033
pool_id_3611,1803750610
pool_id_3618,116330953
pool_id_3622,1827591660
pool_id_3624,3070591
pool_id_3627,208346880579
pool_id_3638,340417081
pool_id_3642,2029803
pool_id_3657,918901314
pool_id_3667,7103564936
pool_id_3672,32376848729
pool_id_3707,8247425397
pool_id_3722,9665378771
pool_id_3728,0
pool_id_3745,2729004
pool_id_3751,380775894145
pool_id_3767,1367097607
pool_id_3768,1079709338
pool_id_3769,1112619894
pool_id_3770,0
pool_id_3774,106623722
pool_id_3781,85991552209
pool_id_3783,424685339
pool_id_3788,11346026
pool_id_3790,138742943
pool_id_380,1087461798
pool_id_3807,0
pool_id_3811,2417315377066
pool_id_3822,21172503898
pool_id_3825,2162167160
pool_id_3860,113068208
pool_id_387,1000000
pool_id_3877,0
pool_id_3882,1035664597
pool_id_3890,9630058
pool_id_3891,8247561
pool_id_3903,1801494
pool_id_392,47213147
pool_id_3921,683442477934
pool_id_3945,493619014
pool_id_3954,1001063730
pool_id_3956,672076916605
pool_id_3960,9823059
pool_id_3964,2010436661
pool_id_3982,197625746
pool_id_3989,28893162406
pool_id_3994,1045574031
pool_id_4023,1231208
pool_id_4027,2562761
pool_id_4050,0
pool_id_4062,1939452295
pool_id_412,0
pool_id_4163,2062083345
pool_id_4168,244646977
pool_id_4171,970921601
pool_id_420,4988631386
pool_id_4201,61434143039
pool_id_421,6444552
pool_id_4210,427529465647
pool_id_4219,245204781
pool_id_4227,130893167
pool_id_423,0
pool_id_4251,38220133977069
pool_id_4254,7624514
pool_id_4255,26987440664
pool_id_4279,5021439761
pool_id_4282,4098244613
pool_id_4284,1502821425
pool_id_4290,1155789836
pool_id_4296,966864966929
pool_id_4311,164620642
pool_id_4326,0
pool_id_4334,39624703
pool_id_4366,195288060
pool_id_4367,104807624310
pool_id_4380,18266505518
pool_id_4392,1000000
pool_id_4393,104493534
pool_id_4396,61914723
pool_id_440,0
pool_id_4409,195445945
pool_id_4410,44304481
pool_id_4413,757372582379
pool_id_4420,2141065397
pool_id_4422,2267244
pool_id_4437,9490391
pool_id_4448,964601654
pool_id_4473,0
pool_id_4490,192083263
pool_id_4493,103072351
pool_id_4502,738215807
pool_id_4503,13102218292
pool_id_4524,7894374983
pool_id_4561,25260930066
pool_id_4564,458257808
pool_id_4581,5917088628
pool_id_4585,135106409
pool_id_4603,3000000
pool_id_4604,2522256
pool_id_4625,204752701
pool_id_4633,0
pool_id_4634,0
pool_id_4635,0
pool_id_4713,392541675409
pool_id_4737,1088177851868
pool_id_4768,32442452217
pool_id_4769,233375391
pool_id_4770,1257550057
pool_id_4773,99627906165
pool_id_4781,1010380113
pool_id_4802,862976284
pool_id_4825,0
pool_id_4837,4579530164
pool_id_4847,11607436781
pool_id_4850,23540590643865
pool_id_4859,1009939347
pool_id_4897,25098487
pool_id_4904,202497763180
pool_id_4907,103000000
pool_id_4908,1086832702222
pool_id_491,55651486
pool_id_4910,103000000
pool_id_4911,102644358
pool_id_4912,103000000
pool_id_4914,103000000
pool_id_4919,103230899
pool_id_4923,2367953714070
pool_id_4924,1003924403
pool_id_4928,26309492548971
pool_id_4936,2471164953
pool_id_4974,15193634943215
pool_id_4981,15644506056
pool_id_4984,12713157391
pool_id_4995,5596943088
pool_id_4996,14763176
pool_id_4998,800922478335
pool_id_5,3482646259
pool_id_5005,52001925003572
pool_id_5006,25100508532376
pool_id_5066,51019793331
pool_id_5077,17626846
pool_id_508,0
pool_id_5098,51505121748213
pool_id_5099,7621654
pool_id_5106,2293233363
pool_id_5112,177309745
pool_id_512,8602239
pool_id_5129,9295092120
pool_id_5210,1168032099
pool_id_5215,36475380188524
pool_id_5216,34105935175420
pool_id_5217,38145165493244
pool_id_5219,0
pool_id_5220,0
pool_id_5224,375012821
pool_id_529,0
pool_id_5491,55120831064942
pool_id_554,0
pool_id_5546,10573027034
pool_id_573,6638814
pool_id_5734,15353472193
pool_id_578,2915210
pool_id_579,0
pool_id_585,0
pool_id_5854,85844297795
pool_id_5855,6821299
pool_id_610,918078146
pool_id_612,437621830
pool_id_613,2050621
pool_id_630,1008640310
pool_id_634,266665872
pool_id_642,4613866
pool_id_6514,71487886976430
pool_id_6525,71498595994750
pool_id_6526,1323383061523
pool_id_658,197430721
pool_id_668,46096646397
pool_id_6815,1007065436020
pool_id_6818,3429625892
pool_id_682,321624382
pool_id_6903,42172356408050
pool_id_6904,67239411313709
pool_id_6905,52624778
pool_id_6910,707520898
pool_id_6911,423018025448
pool_id_6914,67233230591728
pool_id_6915,67222027688592
pool_id_6916,67207388735905
pool_id_6917,67238988349618
pool_id_6918,0
pool_id_693,0
pool_id_6951,6821299
pool_id_6952,14647175680031
pool_id_7020,102309748
pool_id_707,868026110763
pool_id_735,13127
pool_id_742,11700000
pool_id_747,1043463985
pool_id_755,0
pool_id_764,1001676644
pool_id_77,451916537923
pool_id_788,516461389
pool_id_790,0
pool_id_805,509766415
pool_id_810,18493780512183
pool_id_811,16281722849928
pool_id_813,115453029
pool_id_815,24636476755961
pool_id_818,0
pool_id_825,25300000
pool_id_836,999825743
pool_id_841,939083298
pool_id_843,9825875
pool_id_850,2920621038
pool_id_857,79065199
pool_id_861,93505493
pool_id_864,0
pool_id_870,0
pool_id_879,1967312227
pool_id_881,110622006
pool_id_884,998257168
pool_id_888,997620818
pool_id_907,0
pool_id_920,0
pool_id_923,0
pool_id_928,51498021487
pool_id_937,90799210068
pool_id_947,942823411
pool_id_951,466984959
pool_id_957,30648988302
pool_id_963,0
pool_id_967,2294199024201
pool_id_982,11743099328
poolaris.org,55308833
poolbear.io,2887216
poolbone.github.io/meta,1909939737957
pooldata.live,1335083980650
poolfixada.com,3806407972485
poolforlovelace.me,856383523321
poolingtogetherptgr.com,53706194
poolnet.io,2537311340
poolpros.tech,698292896
pools.cardano.icodeit.io,103830709812
pools.symmcom.com,507102535
pools.zw3rk.com,15922477061879
pooltool.io/about,25651503625310
pooltool.io/pool/b81c65f4e17c8e94d89fcd369d11077af9800ae70177013a1a79b349,4179518145427
poolunder.com,16994427393895
poopool.org,427096558730
popada.github.io,290423727
popool.net,79543063664120
popupworld.co.uk/popupworldtoken,4378792782
powerstakepool.com,23029897331702
ppdac.ltd/ada,297094817
preeb.cloud,15582282221
prepareupool.io,12701101510
previsionz.de/staking,6000000
primestakepool.com,10295182750
princetonpool.github.io,0
proficardanostaking.com,537175907
profiler.biz,14905287119633
proskills39.com,254569832107
psiloblox.io,11775632684648
psyada.com,23523609056686
publickey.co.jp,44557731977318
publicwifiproject.com,5119687
pudim.od.gy,12989008046125
puffinpool.com,29520082181
pumppool.github.io,512392014834
pxlz.org,51961311206011
pyur.io,1912827142034
qcpol.stakepool.quebec,3558532528762
qinglong-pool.com,51368116418
quality-assurance-dao.github.io,14566562630641
quantumenergytokens.com,1729423021
quasarpool.github.io/pool,10324370808
qubitpool.com,1637025865970
queenada.com,16809244878900
quick-stake.io,0
quixote.systems,25783708191898
r.acuda.site/ada,26015395175
r89.io,10003616902
rabbitholepools.io,2335227637960
radarstakepool.org,5701731567688
rafflepool.net,2399203983
raidpools.com,328189696259
rainforestpool.org,2033733488
rainstake.io,119247715633
rambopool.org,19377885065
ranket2.wordpress.com,21393105550703
rarepepes.com,3492892968963
rarepool.io,2220481207185
raspberry-stakepool.fr,4525391793
ratiostaking.com,146421921
rats.fail,5148053908747
ravenadapool.github.io,37297447304
raw.githubusercontent.com/aliesad/p/master/histk1.html,2073941606
raw.githubusercontent.com/mikkelkrogsholm/adapool/master/poolMetaData.json,2625614
raynetwork.io,173561567609452
red-sky.one,14895570836328
redbike.asia,3169333844
redhorsepool.com,37751620535
redhotpawn.com,127994142697
reefstaking.com,9802291
reetg.io,5281556703719
reitcircles.com,113047790633
relay0.ais-staking.site,0
relaypool.com,391366729005
reliablestaking.com,862523716008
renewpool.ch,359668708438
republiccrypto.com,213858582
reservoir.network,565543018719
responsible-staking.at,560504231472
restake.net,30508544012
rexstakepool.com,5922701064
reyts.com/reytspool,753294328
rightstakepool.com,1709699781501
rinauser.group,2586321876698
ringsofstaking.ddns.net,927056044266
riotpools.com,2782694840645
risecardano.com,562872955279
riseuppool.com,4226888175
riverpool-crypto.com,120074405378
rkdn.app,63651773957
roampool.com,388527539969
roastfrog.com,26858631059
rockx.com,567528819
rogpool.com,437852015277
rollway.it,564224529
romerstakepool.io,2529458830670
rootstakepool.eu,209082302317
route.net,30682798462
rpawstakepools.com,5628167745
rtistpool.carrd.co,190968012753
rubypools.com,1091960037
rug.watch,828606488
rx78pool.wordpress.com,1538134222029
safestak.com,890993340022
safestake.cc,1163654059090
saganpool.com,897709031261
sage3.org,1945362390
saigon.online,228163047198
sakepool.com,11429550679361
salmonpool.io,455120640197
saltnet.io,2351338532038
samurai-pool.net,399463545
samuraicardano.wixsite.com/ada-stake-pool,37739430214
sandstone.io,17977736964533
sanskys.github.io,107792663825
santoelectronics.com/santonode,1870890634794
sapiopool.com,1806910307997
savoir-vivre-eco.github.io/ada-impact,1808521302
sbwh.com.au/infinity-pool,4754707759
scardano.io,13758934523710
scoop.tech/sabai,1452883325117
seaside-staking.github.io,3842990925955
secretdecks.com,4783797933
seedpools.org,1544566043185
servepool.co,1586597
share-pool.com,2197432702252
sharethelovelace.xyz,14626116549048
sheinixstaking.github.io,78190628191
siam.mof.one,1177845002589
siberiapool.github.io,1097230020
sickcity.xyz,743204557899
sidan.io,6431347975
signaturestaking.com,325846045733
silvercitystaking.com,484694276534
sipo.tokyo,132300291957455
sireto.com,0
sites.google.com/view/andromedaway,6081224719
sites.google.com/view/blkn/home,61825462574
sites.google.com/view/cardanoonthemoon/inicio,2173635727
sites.google.com/view/efectocardano,29050269928
sites.google.com/view/mango-staking-pool,1444497468631
sites.google.com/view/mercy-charity-pool,9313767422
sites.google.com/view/poolblessvenezuela/p%C3%A1gina-principal,293335203672
sites.google.com/view/thrvdada,346697903464
skadea.de,64401858412
skepsispool.com,17607873914883
skullys.io,67744961066
skylightpool.com,29443994096057
skyw.tech,7510763
sliceofstake.com,52419779401
smart-node.com,161640196938
smaug.pool.pm,45359671385598
smilespool.com,2827753613728
snakepool.link,3112511734767
snekcoinada.com,17406006926470
snowingada.io,40306717613
socalstakepool.com,223088376172
sockstake.io,26002609376
soillada.com,119013318718
solidone.io,1084802282507
solpi.de,487602845149
solydar.org,104302151236
sonicstaking.org,126660459
southtyrolpool.it,1079256464947
spacecoins.io,23818919818
spane.org,754221182
sparkadapool.eu,1532883102
spartasp.com,1397708525379
spectrum-pool.kind.software,7100134252188
spice-pool.com,190101181047
spirestaking.com,68911514974629
spklpool.com,159868546962
spo.clydedev.com,45485477214
spo.livemusic.show,100331729558
spojapanguild.net,72475321360
sporepool.com,2273931246
squidpool.com,38113437808338
stablepool.de,515476511
staca.co,122940360277
stackblock.github.io,6023184350
stag-digital.webflow.io,1405326847
stake-blue.com,78979614946
stake-crypto.co.uk,93647290
stake.army,2911325766195
stake.care,507853058739
stake.fish,48666325895698
stake.micro-makers.io,4618002
stake.saite.no,94912118
stakeTREK.io,2065136648004
stakeada.com,1724395248931
stakeada.kr,9470817547322
stakeandeggs.io,935661846288
stakebowl.io,46000051957842
stakecardano.net,28553903391876
stakecardanopool.com,85548769029
stakechaiin.io,200147143562
stakecool.io,119904991572387
staked.us,48872139764
stakedingo.com,1056060997123
stakeforcake.com,3013760011336
stakeforfuture.org,4833392857836
stakegreen.com,165375709769
stakehaus.ca,4515762065
stakehub.app,0
stakeitbetter.com,304069385998
stakeithere.com,166710158607
stakelake.com,545178041095
stakelovelace.io,19417754501362
stakemachine.net,2299710409
stakemana.com,1232444199
stakemexico.io,5945300103
stakenoble.com,116862388028
stakenuts.com,4214462928986
stakeops.com,2689502728
stakepool-cardano.com,11286634
stakepool-germany.de,140344814273
stakepool.ai,998000000
stakepool.at,140722310127472
stakepool.ccccoin.io,7950877659
stakepool.guru,1099038021104
stakepool.hashpay.ch,132502367
stakepool.ninja,59974431992
stakepool.obiobi.at,100182333482
stakepool247.eu,21840191697836
stakepoolada.com,9568588288
stakepools.africa,264852665718
stakepoolservice.com,158068736757596
stakeshift.team,15029588328509
stakevault.io,78278292567
stakewithmax.com,3412182741617
stakewithnerd.com,22853869047911
stakhanovite.io,2970869692406
stakinator.com,816886634
stakinbacon.com,1230538750
staking-ada.de,30533290134
staking-cardano.com,1010476285860
staking-fm.site,167856999962771
staking.cardanofun.com,62953476199319
staking.coinceylon.com,59437827810
staking.monozeros.ch,113620288299
staking.outofbits.com,30600832012704
staking.rocks,20815437755677
staking.snode.co,23264207215
staking247.com,24059315974985
staking4ADA.org,63697753991019
stakinghouse.com,2457912929
stakit.io,95236367474304
standardize.network,127244136823
stanleybarrel.com,26882454425
starfishstakepool.com,2646822
staykpool.com,547518642294
steakandbake.github.io/ada,64603666074279
steekpoel.nl,66654055626
steelstaking.eu,11625848783
stitched.us,3625350
stoicpool.com,4456774208154
str8pool.com,69552220426129
strikepool.org,0
studio0716.github.io,9823411
stumptownadapool.xyz,1347709184
sudo.tech,50340055761
sukhjohal00.wixsite.com/venom-pool,17899042100
summonplatform.io,2952412671111
sunner.org,1404014282086
sunnyada.io,87699765492049
sunshinestake.com,206890051
super-actuarial-stake-pools.com,291471501
supernova-pool.com,561723479691
superpool.cash,11273564695
sustainableenergypool.eu,5642950
sustainapool.org,0
sweepstakepool.io,10210808039
swimmingpoolop.github.io/pools,298632570989696
swiss-cardano-pool.web.app,178840647109
swisscryptojay.ch,2764277796459
swoopstake.io,10373236257
sylvanium.com,950426695223
synk.energy,37172350432
syntagma.capital,12030363385
system76-server.encyclopedia.tw/crypto/cardano,200000000
szero.us,17112688929
t.me/ADA_UP,2096809069245
t.me/BIDAStakingPool,102232264
t.me/StakingADA,6102259123855
t.me/TIGERpool,650677053132
t1.dexinfo.cc,109611710
tamil.finance,495985416
tangocrypto.com,16448945684814
tao-pool.com,1034088522
tap-ada.github.io,10311589000100
tap.nc,46489671830
tapioca.link/en/homepage,90809577929
target-pool.com,6008222335
taverncrypto.com,25303221479
tca.io,9436265
teamstaking.com,385936195960
technotes.asia/adapool,149782360094
techs2help.ch,1165828402694
teenytinypool.com,20039647642
tempus-stakepool.ch,3641715296644
teqwyse.com,4344312028423
terminada.io,3693783069373
tero-pool.jimdosite.com,23092410655
terryslair.com/cardano,3564715654
tesla.com,59603626
teslapool.io,98525954841
tespool.online,465409359
tesseraecrypto.com,37360129508
tetonpool.com,831024226324
tetrahapps.com,0
texanstakes.com,1164073261335
thc-room335.com,7176525423568
thc-room335.com/pri,3604460661472
thc-room335.com/rama,23941314707875
the.adahou.se,583847853261
theada.team,11536676262
theartbank.io,3958756798429
thebmorejoker.github.io,942890861757
thecardanocrew.io,5053475
thecatalyst.school,63946078809
thechickenpool.space,2085425390
thecooltank.com/mining-pool,9248208
thecryptobuff.com,53789658828
thecryptojunction.ca,590538578
thegoodnode.com,215319475
themagicadapot.com,11356950758
themoneypool.uk,493734840330
theoceancleanuppool.ch,18256970957
theparallelrevolution.com,2105374
thepeoplesmoney.io,2623282
theplunge.io,3595474219054
theregenerativefarmingpool.com,23023051743
thesavvyadapool.com,47069
thescenepool.com,0
theswim.net,26916156581863
thetigerparty.com,37884088
thevikingpool.com,20420964606208
thkpool.com,101575358376
threepool.io,4200226498889
tigrpool.com,0
tiktok.com/@cardano.asia,1010405929
tiliaio.com,1313172885
tinyurl.com/NINIstake,7924886537771
tinyurl.com/Pool-NICE,5966681009533
titanstaking.io,71793184402425
tlaib.com,104596453
toadpool.org,991253947156
toast-pool.us,3233941683641
tobamint.io,237838045854
tofupool.io,1367478835
token.stakepool.cc,9901322677
tokhun.io,74798529897
tokyn.net,1501138949
tokyo-pool.com,1107675933257
tokyostaker.com,117533822620658
toolspool.online,509825743
topopool.com,3126737624780
totalreturn-staking.com,573772074596
transferium.io,40116345828
trap-pool.com/index.html,5060719070
trexstaking.de,872085077
tribepoolrocks.com,15102593213
trickster.fi,34393487468
trrxx.github.io/Dojo-Stakepool,62584839006
trumpfanpool.github.io,53884014149
tts17.com,2094403947176
turbocookie.com,65067711195
tvvin.com,3109486949415
twin-staking.com,237734701919
twitter.com,1931366900092
twitter.com/4KOMA_StakePool,2652009156005
twitter.com/7nekonymous,2301652337801
twitter.com/9DDPk57qMpPeRX0?t=pAfWPMKByGAlGFFGVsI-mQ&s=06,58256993775611
twitter.com/ADAPool050,496831786
twitter.com/ADA_CATS_meow,5805804939
twitter.com/ARSA_usui,2689932610849
twitter.com/AdaMXPool,18700097373
twitter.com/AsiaCnft,1027623854
twitter.com/Beastlyorion,61130411919633
twitter.com/Berry__Capital,3096704021841
twitter.com/Berry___Capital,3137275830017
twitter.com/BizarreStarsNFT,170301511105
twitter.com/Blizzeffect,3469333207
twitter.com/BradaPool,12002138682374
twitter.com/BreakingADA,12277525005944
twitter.com/CardamomPool,161021654
twitter.com/CardanoArmy,851970098693
twitter.com/CardanoGuru,34405066335638
twitter.com/Cardano_ISSA,5771756641261
twitter.com/DeadRabbitRS,1179050106678
twitter.com/Diamond25758632,5038531855043
twitter.com/ECOP85954256,597625746
twitter.com/GAIN_SPO,4364173274096
twitter.com/HGK000,14354561748047
twitter.com/HIT40877568,1089185278661
twitter.com/HexadecimalPool,356107020013
twitter.com/INF1_pool,251000039
twitter.com/LambrettaPool,251051257
twitter.com/LightStakePool,3041072831159
twitter.com/LoFiStakePool,271167129
twitter.com/LottoLabs,5729006612
twitter.com/LumpAHV8Lx1LGtU,6935442033352
twitter.com/LuraStakePool,45239744
twitter.com/Muggy_Pool,1082365055324
twitter.com/N_oyaji_ada,3229051664167
twitter.com/NantokaSPO,941564326655
twitter.com/Oveis_HJ,63411047622
twitter.com/OystrPool,2001455071263
twitter.com/PalmaDeCardano,923839142189
twitter.com/PoolAsahi,7599877954604
twitter.com/PoolKaya,98561868968
twitter.com/PoolOkayama,3275552257124
twitter.com/ProjectNTK,418002302450
twitter.com/QAnjftSymSinPhz,3917962716707
twitter.com/RANMA83054020,35572231529664
twitter.com/Rd7hrujn2Xv5FS2,12475444823855
twitter.com/RootYakisoba,9806335888
twitter.com/SDGsPOOL,7153580066481
twitter.com/SMAN8_TickerSA8,16976816601045
twitter.com/SUNRISE_POOL,1874747022115
twitter.com/Sappo77sapporo,690885642350
twitter.com/TAM_Stake_Pool,5556406289750
twitter.com/ada_pools,1222471073
twitter.com/adamantiumpool,3807649110
twitter.com/adizpool,1190761831
twitter.com/beachadapool,10689052170
twitter.com/beehivepool,50616200741
twitter.com/cardano_sugar,1735997081502
twitter.com/cardanodan,8195875800007
twitter.com/cellpoolCZ,63310014559
twitter.com/choco_stake,3416486673227
twitter.com/corazondecabo,5703118404
twitter.com/dddiiisss_SPO,2007224344
twitter.com/deisensei,1515780112074
twitter.com/flux_pool,270303597268
twitter.com/harudaibab,2224756380246
twitter.com/hisa_iokinawa,30278476897584
twitter.com/hoskpool,350769158853
twitter.com/io_natasha,1849998707130
twitter.com/jpn24_ada_pool,512065971
twitter.com/kazewa_minami,11338552386516
twitter.com/kobe_ada_pool,988934688719
twitter.com/kodlpoolzero,105667598
twitter.com/leon_stake_pool,72512837593
twitter.com/mac5_alpha,5300362042023
twitter.com/maple_pool,100203543903
twitter.com/marikoono2,3622402
twitter.com/maru7358,1606076163164
twitter.com/momoadapool,23427824567750
twitter.com/momonga99_spo,2266486375387
twitter.com/nagamaru_panda?s=06,9498673861021
twitter.com/naonao_POOL,3184517673
twitter.com/nappy66560609,701234388965
twitter.com/nkr_1234,236250432659
twitter.com/nvetech,19341689579573
twitter.com/oknw_pool,1398478129659
twitter.com/pool_bean,3080875
twitter.com/pradon730,1540110961048
twitter.com/repsistance,924367020024
twitter.com/sagittarius_stc,7126392535806
twitter.com/sakakibara1JPN,51279561012132
twitter.com/shiodome47,203783931515
twitter.com/simple_stake,4382026458
twitter.com/smilerosepool,330504108024
twitter.com/stakingberlin,2751124887292
twitter.com/theeccentricowl,268094857791
twitter.com/tk_gems,6460251026834
twitter.com/u0001stakepool,5000548967790
twitter.com/yukiyukikomkom,4315041979
twitter.com/yuzuppy1,156740210843
tygar-pool.com,3306989164878
tylerscrypto.com,6743364943176
ugcapitalventure.com,72536575158
ukada.godaddysites.com,4239635693980
union4blockchain.com,596245201620
uniquestaking.com,1247668142007
uniscroll.io,262179694973
unitedstakesofcardano.io,2860410325163
unitegrity.com,673298284
universe25.io,332197553765
unknown1,13456933998
unknown101,53745349620195
unknown102,69521609669720
unknown103,64372060322309
unknown104,55056925695504
unknown105,69135233855929
unknown106,61654514100510
unknown107,48102117947192
unknown108,57018030927627
unknown109,69479849381557
unknown11,131150417799
unknown110,61196258927102
unknown111,68528593920446
unknown112,60579214216755
unknown113,30868316853816
unknown114,68019452048123
unknown115,60257853645792
unknown116,54021002981202
unknown117,30733164000310
unknown118,51529185430931
unknown119,43076117347016
unknown12,111890441538
unknown120,52367721935121
unknown121,69038772521949
unknown122,61214342364326
unknown123,70590778042640
unknown124,67881294150390
unknown125,68969148226143
unknown126,35892334399774
unknown127,15505827748346
unknown128,44101439619043
unknown13,37755849359
unknown131,37379613836235
unknown134,404594015369
unknown14,4277390361164
unknown141,2209041774793
unknown142,44174126697
unknown145,43689653521131
unknown146,0
unknown147,61132830615951
unknown148,0
unknown149,0
unknown150,0
unknown151,0
unknown152,0
unknown153,0
unknown154,0
unknown156,0
unknown157,0
unknown158,0
unknown159,0
unknown160,0
unknown161,0
unknown162,0
unknown163,0
unknown164,0
unknown165,0
unknown166,0
unknown167,0
unknown168,0
unknown169,0
unknown17,122625351
unknown170,0
unknown171,0
unknown172,16335748061734
unknown173,9494757149577
unknown177,6334197850
unknown178,203674761602
unknown18,202625746
unknown180,2237183972268
unknown181,4194569013058
unknown182,3256406892524
unknown183,2736069459
unknown19,32074729049791
unknown20,32080457887221
unknown21,32099630429106
unknown22,32079460971506
unknown23,32064810041308
unknown24,15875417827875
unknown25,406737041238
unknown26,3570478
unknown27,4585779
unknown28,679701145
unknown29,11116007
unknown3,501251536
unknown30,8202913
unknown31,6488625
unknown32,9551618
unknown33,6399036
unknown34,6169669
unknown35,2609445
unknown37,54326509
unknown38,10000000
unknown4,1576838012220
unknown40,39983004
unknown41,102228700
unknown43,5221704218
unknown44,5154646
unknown46,42719252016
unknown47,168495429870
unknown5,983781249
unknown53,7723171486281
unknown67,2043990765267
unknown69,38713036201
unknown71,1407512111902
unknown72,1434673
unknown73,373760410
unknown74,1434673
unknown75,1434673
unknown76,1434673
unknown77,1434673
unknown78,1434673
unknown8,606149816974
unknown80,19452754
unknown81,17450376734029
unknown82,4046512415
unknown84,500066807
unknown9,1132205
unknown90,155543044
unknown93,2228964
unknown94,22090633538453
unknown95,449960297
unknown97,37623870758
unknown99,53177194420241
unkrass.de/pool.html,410801996
unluckythoughts.com,197456153
unrefugees.ch/en/refugee-stakepool,4710146704805
unsigned_algorithms.hns.to,50042699637
upandbyte.com,5018662003
upbit.com,137579152642009
upstream.org.uk,16610333858962
ursapool.com,2730832455
usenobi.com,22239113046582
vadapool.com,334127982590
valhallapool.net,1019614241644
validator.cex.io/ada,19549433739821
vampyre.fund,14355819097606
vanticatrading.com,177935758
vasilstdabov.org/staking-pool,4582541246335
verified.ventures/staking/1,20825937233
vetspool.io,184774152345
vfstudios.io,971621354102
vicepool.com,1212792123354
vicispool.com,4565047505017
vinaidol.com/ada,2043866091
vincepool.com,10854594561207
viperstaking.com/ada-pools/adder-pool,18395910474447
viperstaking.com/ada-pools/viper-pool,64440657765298
vivacardano.com,333936273917
vivi-stakepool.com,12186906155820
vividpool.io,32600041873
vivrekado.de,4254851645
vnpool.xyz,113627963346
vode.se,0
vogue-pool.com,5432143273542
volcyada.com,797900437173
voltpool.io,24621606702
vortex.rocks,29445355
vrits.nl,1468033210
w3c.zone,22678768001
wada.cash,979637593213
wafflepool.org,60681290479982
waldmops.nvmr.de,14328105925070
wallstreetstaking.com,3674806822
wastaking.xyz,4393413195177
wavegp.com,65467761029941
wavepool.digital,602480972956676
wavgp.com,0
wayacollective.com,38791553531
waygency.com.au,400944493
weareadacardano.com,63499336506
wecan-group.com/ada,6001245
wecloud-pool.ddnsfree.com,4043819158
wellofcourseiknowhimhes.me,0
wells-pool.com,21242071424
weqntstakepool.nl,8639847828692
whalewallet.io,97686029728
whimsy.tech,21687075938
white.topopool.com,15997066190214
whitelotuspool.com,31761336266
wingriders.com,50097463765
wira.org,4301603760824
wiredfoundation.org,1944642600992
wise-pool.eu,823474955055
wolverinestakepool.com,339552952169
womenpool.net,163032924198
woodlandpools.net,11066244911218
woofpool.github.io,2663571352192
wookie-nation.com,199122449579
world-economic-pool.amebaownd.com,23924964183378
xc0de.io,2460115160
xenovia.consulting/adapool,17619014
xerberus.io,1581381918
xor-nand.io,392859763764
xppx.io,241353322675
xreactx.github.io,35278837924
xstakepool.com,102824207566460
xsyfer.com,2097621830
xwin.com.my,2025593812112
xystence.com,21964766573
yepple.io,1893387668164
yeti1t3y.github.io,95424561
yoada.fr,6582211430332
yokohamapool.com,2720810711063
yolopool.io,1001670616
yoroi-wallet.com,48564534750102
youradamoonpool.us,23193105387319
youtube.com/c/InGoodFortune,1845225224
youtube.com/c/InvestX,183485956641
youtube.com/c/JasonPizzinoOfficial,2357055662025
youtube.com/c/UGCapitalVenture,0
youtube.com/c/augustobackes,4095525308047
youtube.com/channel/UCRvqjQPSeaWn-uEx-w0XOIg,112740265663011
youtube.com/channel/UCf64J3dPdVRT6OJf57m-uyw,1478091411192
youtube.com/channel/UCjjemil6xWcM8rC465xoNgA,101755827403
youtube.com/channel/UClFNxD5mGJa-XlZIcX2ko2A,3105547660573
youtube.com/cryptocapitalventure,204225422354028
yoyogi-pool.site,7134635604809
yugenpools.com,0
yummiuniverse.com,2283680835009
yuriyuriyuri.xyz,3068939118486
zada-stake.de,0
zbpool.github.io,8490580319
zeitgeistpool.com,2491486630282
zenen.space,910342644
zenholdings.io,104903409899
zerofeespool.com,29628661139
zeropercentstaking.com,57723393139
zetetic.tech,42819899756971
zeuspool.com,108761740
zjavax.github.io/cardano_doc/#,11053376131619
zodpool.com,4366635138
zoepool.com,994226699950
zoomstakepool.com,1354324795
zorbapool.com,97666136132
zpngstakepool.com,5488265979832
zunderpool.io,512192457502
