pool_id,homepage
1,octaluso.dyndns.org
2,stakenuts.com
3,zenithpool.io
4,ispool.live
6,stakepool.at
7,cryptobounty.org
9,bluecheesestakehouse.com
10,tap-ada.github.io
11,bluecheesestakehouse.com
12,k8s-pool.subnet.dev
14,teqwyse.com
16,cheapstaking.com
17,cardanosharp.com
19,cardanians.io
21,bekindstakepools.online
22,leaf-pool.com
23,cardanoproxy.com
24,dolcapool.eu
25,pooltool.io/about
26,carbonarapool.wixsite.com/carbonara
27,ada.vegas
28,microstakepool.com
29,cardano.ich-war-hier.de
30,cardanocanucks.com
31,riotpools.com
32,can-ada.io
33,stakeandeggs.io
34,twitter.com/HexadecimalPool
35,gamerpool.net
36,staker.space
37,staking.outofbits.com
39,twitter.com/BradaPool
40,babbageblockchain.com
41,2percentpools.live
43,dekrom.dev
44,ada-swag.com
45,unknown0
46,elitestakepool.com
47,twitter.com/repsistance
48,firestakepool.com
49,twitter.com/Muggy_Pool
50,growpools.io
51,theswim.net
52,garden-pool.com
53,neo1pool.github.io
54,kopipool.com
56,adarockpool.com
57,hermes-stakepool.com
59,godpool.ddnsgeek.com
60,307pool.com
62,stakelovelace.io/aaa
65,angelstakepool.net
66,youtube.com/watch?v=nEXZQmA8Yj4
67,coinzzz.jp
69,cardano.org
71,coinzzz.jp
73,coinzzz.jp
74,pipool.online
75,coinzzz.jp
76,otakupool.com
79,hivestaking.com
81,coinzzz.jp
82,tokyostaker.com
83,ada-staking.fr
84,stakepool247.eu
85,epicpool.eu
86,safestak.com
89,lovelacepool.com
90,chainups.com
91,stakelovelace.io
92,steakandbake.github.io/ada
93,tokyostaker.com
94,katanapool.com
95,pegasuspool.info
96,katanapool.com
97,tokyostaker.com
98,katanapool.com
99,tokyostaker.com
100,popool.net
101,katanapool.com
102,popool.net
103,popool.net
104,prometheus-pool.com
105,koalapool.org
106,jazz2.jazz-pool.com
107,londonpool.co.uk
108,1percentpool.eu
109,stakecardano.net
110,jazz.jazz-pool.com
111,tokyo-pool.com
112,jazz3.jazz-pool.com
113,acornpool.net
115,1percentpool.eu
116,viperstaking.com/ada-pools/viper-pool
117,lunarpool.io
118,1percentpool.eu
119,cutt.ly/ADAGO-pool
121,blockademia.com
122,1percentpool.eu
123,1percentpool.eu
124,1percentpool.eu
126,1percentpool.eu
129,adainground.com
130,1percentpool.eu
131,cent.stakepoolcentral.com
132,bit.ly/3fQLy8y
133,1percentpool.eu
136,thetapool.online
137,ironpool.net
138,viperstaking.com/ada-pools/adder-pool
139,1percentpool.eu
140,2percentpools.live
141,dutchpool.eu
142,brothershipool.org
143,fanceepool.com
144,1percentpool.eu
145,londonpool.co.uk
147,cardano-universe.com
148,kblocks.net
149,akanepool.github.io
150,masterstake.com
151,2percentpools.live
152,leavethispool.now
153,this.pool.is.not.in.use
154,angelstakepool.net
156,sunnyada.io
157,junostakepool.com
158,azureada.com
159,twitter.com/CardanoGuru
161,staking4ADA.org
163,adaforge.spdns.org
167,kiwipool.org
168,adage.app
170,adafarm.io
171,doxacrypto.io
172,twin-staking.com
173,stakepoolservice.com
174,clio.one
175,akibapool.com
177,cointourage.com
178,adanorthpool.com
179,adaocean.com
180,pmware.ca
181,gigapos.online
182,stakepoolservice.com
183,ADA-Kings.com
184,stakhanovite.io
185,75.119.134.23/index.html
186,wavepool.digital
187,xstakepool.com
188,skylightpool.com
189,adawallet.io
190,adanorthpool.com
192,coloradomint.io
193,staking4ada.org/give
194,cent.stakepoolcentral.com
196,kiwipool.org
197,crownstakepool.com
198,capitalstakepool.info
199,smaug.pool.pm
201,standardize.network
202,cardanoland.com
203,1wjg.com
204,ourostech.com.br
205,stakecool.io
206,stakecool.io
207,stakecool.io
208,stakeforcake.com
209,staking247.com
210,betterstake.com
211,digitalfortress.online
212,digitalfortress.online
215,kiwipool.org
216,adaocean.com
217,decentralizedreality.io
219,can-ada.io
220,twitter.com/cardanodan
222,epycpool.com
223,smartstake.io
225,epycpool.com
226,adaocean.com
227,adaalphapool.com
229,cardanoatstake.com
230,cardanoland.com
231,adaocean.com
232,nectr.one
233,latampool.com
234,adaocean.com
236,unitedstakesofcardano.io
237,beaver-stake-pool.net
239,ghisx-pool.com
240,theduckpool.jimdofree.com
241,flowrpool.com
242,aastakepool.com
243,thesharkpool.jimdofree.com
244,apple-staking.jimdofree.com
245,thelambopool.jimdofree.com
246,aztecstaking.com
247,cardaspians.io
248,staking.cardanofun.com
249,staking.cardanofun.com
252,t.me/AEON_Pool
253,createplanets.com
254,planetstake.com
256,adafrog.io
257,outerspace.money
258,earningcardano.com
259,adafrog.io
260,leadstakepool.com
261,adafrog.io
265,TexasStakeHouse.com
266,onepercentfeepool.wordpress.com
268,reliablestaking.com
270,bloompool.io
271,adastack.net
272,dapp360.co/ada-stake-pool
274,cardanesia.com
275,cardanistas.io
276,stakit.io
277,tobg.com.de/crypto/cardano
278,leviathanpool.com
279,github.com/rdlrt/rdlrt-pool
281,stakelow.net
282,mythpool.com
283,rausipool.fi
284,crimsonpool.com
285,adavn.com
286,armadastakepool.com
287,stumptownadapool.xyz
289,poolunder.com
290,cardanostakingpool.com
292,anfra.io
293,cardano.org
294,joeystakepool.s3-us-west-2.amazonaws.com/index.html
295,joeystakepool.com
296,tiliaio.com
297,toapool.insamoa.info
298,adavn.stakings.club
299,hotelginebra.com.es
300,adatree.io
301,str8pool.com
302,publickey.co.jp
303,sipo.tokyo
305,snakepool.link
306,yoada.fr
307,adatrust.space
308,signaturestaking.com
309,arubastakepool.com
310,wastaking.xyz
311,kysenpool.io
312,cardanians.io
313,adaglobe.com
314,stakepool.ninja
315,ianesthesia.org/sage.html
316,ada-stake.com
317,altzpool.com
318,adaglobe.com
319,alphastaking.com
320,kibloc.com
321,adastaking.eu
322,consensusmonky.de
323,altzpool.com
324,hermes-stakepool.com
326,genepool.one
327,cexplorer.io
328,indiepool.co
329,adapointpool.com
331,sabai.finance
332,atlasstakepool.com
333,hashvalley.github.io
334,adastat.net
335,kibloc.com
339,cardano-pool.eu
340,adanorthpool.com
341,1-PCT.com
342,blackmarlin.io
345,ada.la-place-immo.fr
346,friends.staking4ADA.org
347,facebook.com/groups/adastakepool/?utm_source=adapools.org
348,phlovers.org/fruit
350,onyxstakepool.com
352,ceticompany.com
353,poolmars.com
354,everyblock.studio
355,chunkymonkey.us
356,onyxstakepool.com
357,polypool.io
359,faststakepool.com
360,adavault.com
361,t.me/AdaStatBot
363,nu.fi
364,texanstakes.com
365,arrapool.io
366,quasarpool.github.io/pool
367,github.com/jkerivan/cardano
368,genkipool.com
371,titanstaking.io
372,titanstaking.io
374,cpoolsunited.com/pool?id=VENUS
375,unostakepool.com
376,lab44.io
379,k9kstaking.com
381,zetetic.tech
383,coconutpool.com
384,primestakepool.com
385,bladarunner.com
386,adanaut.com
388,chilestakepo.cl
390,lowski.dev
393,bluecheesestakehouse.com
394,letzbake.com
396,cardano.securestaking.io
398,novapool.io
399,astra-pool.com
400,MintMatrix.io
401,endeavorstakepools.com
404,islandpool.github.io
405,xor-nand.io
406,cardano.turingpool.io
408,blackswanpool.com
409,maisha.app
410,sites.google.com/view/mango-staking-pool
411,ada.zone
413,teamstaking.com
414,globalstakingpool.com
415,assetstakepool.wixsite.com/asset
417,digitxstakepool.com
418,scardano.io
419,equitystakepool.com
422,plutusoracle.com
426,plutusoracle.com
427,milpools.com
431,squidpool.com
432,nodenetworks.org
433,uniquestaking.com
434,coinstakepool.com
435,mamakpool.com
436,raidpools.com
437,raidpools.com
438,raidpools.com
439,raidpools.com
441,raidpools.com
442,raidpools.com
443,raidpools.com
444,lophre.net
445,kaizencrypto.com
447,moxietech.co
448,youtube.com/channel/UCjjemil6xWcM8rC465xoNgA
449,github.com/uniVocity/shopify
451,jorgepool.com
452,mmdig.com
453,arcadiastakepool.com
454,lastoasispool.wordpress.com
455,arcadiastakepool.com
456,stackblock.github.io
457,adapool.ssmu.win
459,smashingpumpkins.com
460,cardanopool.xyz
461,dolcapool.eu
464,bloxbean.com
465,cardano.ipclub29.com
466,centimani.io
467,cardano.ipclub29.com
468,adalovelacepool.com
469,adavibe.eu
471,twitter.com/adamantiumpool
472,adaufopool.eu
473,unknown1
474,hollandaisepool.nl
475,metablx.com
476,amsterdamstake.club
478,milpools.com
480,thechickenpool.space
481,arthurjgoldman.com
483,everstake.one
485,cardanopool.es
486,previsionz.de/staking
487,greenstakepool.com
488,facebook.com/1-Percent-Pool-105924914554984
490,facebook.com/1-Percent-Pool-105924914554984
493,mantispool.net
494,unknown2
495,kaizencrypto.com
496,milpools.com
497,ohoh7.github.io
499,cardano.sargatxet.cloud
500,champada.io
501,skadea.de
502,fedot-netot.github.io/free-cardano-pools
503,yasp1.github.io/YASP
504,milpools.com
506,spartasp.com
507,unknown3
509,bloompool.io
511,blueskystaking.com
513,sparkadapool.eu
514,wallstreetstaking.com
517,7ru3.com
521,radarstakepool.com
522,nordicpool.org
523,nybitcoinacademy.com/pokepool
524,saltnet.io
525,icoresearchgroup.com
526,lucky-pool.com
527,lucky-pool.com
528,queenada.com
530,davidlikescrypto.com
531,iohk.io
532,iohk.io
533,iohk.io
534,iohk.io
535,iohk.io
536,iohk.io
537,iohk.io
538,iohk.io
539,iohk.io
540,iohk.io
541,iohk.io
542,iohk.io
543,iohk.io
544,iohk.io
545,iohk.io
546,iohk.io
547,iohk.io
548,iohk.io
549,iohk.io
550,iohk.io
551,bada55.net
552,adaclimb-stakepool.com
556,0pctpools.com
557,0pctpools.com
559,artstakepool.com
560,cardanomint.com
561,ikinaristakepool.amebaownd.com
566,twitter.com/metioncr
567,milpools.com
568,fairpool.eu
571,deadpoolcrypto.com
572,raspberry-stakepool.fr
574,visitluxembourg.com
575,twitter.com/PoolOrca
576,discovery-pool.com
577,topopool.com
582,aionpool.pl
584,weqntstakepool.nl
587,co2pool.com
590,agapepool.ca
593,forwardpool.io
595,champada.io
596,sandstone.io
598,unknown4
600,vitokorleoneadapool.com
601,silvercitystaking.com
602,boricua-staking.com
603,goldcoaststaking.com
604,zenholdings.io
605,mostaking.com
608,bitcoinsuisse.com
611,azeroth.xyz
614,NoCentralAuthority.com
615,abba-staking.com
616,castlecardano.com
618,blueskystaking.com
619,quantaliz.github.io
622,Cardano24.com
624,09pctpools.com
626,ada-pool.s3-website-us-east-1.amazonaws.com
628,staking.snode.co
629,cardino-ada.netlify.app
632,09pctpools.com
633,pigofapool.github.io
636,twitter.com/cellpoolCZ
637,dievra.github.io/styx
638,tloada.github.io/tloa
639,union4blockchain.com
641,yoyogi-pool.site
643,dochdoch.gitlab.io/add
646,cardano-stacking-pool.s3-website.us-east-2.amazonaws.com
647,adavanz.com
648,pool.stakenode.one
650,thesavvyadapool.com
651,podajmelon.github.io/pools
652,bbhmm.net
653,astrapool.co.uk
654,sites.google.com/view/poolblessvenezuela/p%C3%A1gina-principal
655,twitter.com/AdaMXPool
656,dzpool.net
659,stakevault.io
660,arthurjgoldman.com
661,zeuspool.com
662,arthurjgoldman.com
663,adacryptopool.com
666,adacryptopool.com
667,twitter.com/brahmapool
669,arthurjgoldman.com
670,lovelace.community
671,arthurjgoldman.com
672,ukada.godaddysites.com
673,arthurjgoldman.com
674,arthurjgoldman.com
675,arthurjgoldman.com
677,alizeb.com
678,twitter.com/scannerdarkly11
679,twitter.com/io_natasha
680,magicada.com
681,adaverse.com
683,bitnado.io
685,jiffpool.com
686,paradise-staking.com
687,sheinixstaking.github.io
688,cardanopool.live
692,blocpool.com
694,volcyada.com
695,adagiopool.com
696,icryp.net
697,emurgo.io
698,emurgo.io
699,emurgo.io
700,emurgo.io
701,yoroi-wallet.com
702,milpools.com
703,fomopools.com
704,theblueorange.io
705,deependpool.net
706,autostake.net
708,risecardano.com
709,rootstakepool.eu
710,autostake.net
711,dew-stake.com
712,autostake.net
713,autostake.net
714,autostake.net
715,autostake.net
718,wira.org
719,metadex.fi
720,staking.wira.co
721,moonstake.io
722,adappt.online
723,staking.wira.co
724,staking.wira.co
725,arka.techcallidus.com
726,staking.wira.co
727,moonstake.io
728,staking.wira.co
729,zazapool.com
730,stake.army
732,devilpool.org
733,aoapool.club
734,cryptofay.io
736,cardano-staking.ch
737,lakecardano.com
739,anzpool.com
740,adabreathes.com
741,goatstake.com
743,latamstaker.com
744,moonstake.io
745,cryptopoolparty.com
746,hashquark.io
751,knockturnalley.io
754,wolverinestakepool.com
756,hype-staking.com
757,agorapool.io
759,testernode.github.io/testingpoolada
760,tao-pool.com
761,anonstake.com
762,supertechs3.com/stakewithus
763,mirabiliacrypto.com
765,powerstakepool.com
766,adastrong.com
768,botboutique.eu
769,linuxpool.io
771,nu.fi
772,unknown5
774,linkedin.com/in/dubyit
775,abiolapool.com
776,bravostakepool.nl
777,cardano.org
778,blackstarpool.com
780,thewaterbearpool.com
781,dpadapools.com
782,Voltairera.com
785,raw.githubusercontent.com/aliesad/p/master/histk1.html
786,ominira.net
787,boba-pool.com
793,weareadacardano.com
798,leavethispool.now
799,ada-pool.webflow.io
800,ccj123.html.xdomain.jp
801,ccj123.html.xdomain.jp
802,ccj123.html.xdomain.jp
803,let-them-eat-stake.com
804,staking-fm.site
806,staking-fm.site
807,unknown6
808,staking-fm.site
809,github.com/steffanjj/blockabc
812,neo1pool.github.io
814,adapop.org
817,princetonpool.github.io
819,bluecheesestakehouse.com
820,onecommunityada.com
821,stake.fish
822,luminapool.io
826,staking.wira.co
827,staking.wira.co
828,staking.wira.co
829,staking.wira.co
830,creakyion.com
831,kunostakepool.com
832,staking.rocks
833,ada-quest.com
835,gainspool.com
837,cryptohoard.io/hoard
840,adapool.qubitvision.io
842,pbs.twimg.com/media/CWskMaUUEAAR53c?format=jpg
848,BavarianStakePool.de
849,pool.adaph.io
851,ada-nebula.com
852,facebook.com/STPZpool
853,adanet.io
855,eztero.github.io/TricahuePool/index.html
856,stakingworld.net
858,longshortsignal.com/cardanopool
859,elemental-staking.com
860,xpntlpool.com
863,himalayada.org
865,ausstaker.com.au
869,github.com/steffanjj/Dane-stake-pool
871,scoop.tech/sabai
873,xiexiecrypto.io
874,lionstakingpool.com
876,poapool.com
877,falconviewsolutions.com
878,solostakepool.com
883,cardanolatino.com/cardanoenglish/Latino-Staking-Pool-Eng
885,adaheartpool.com
887,dentedmoon.com
889,lightningstakepool.com
890,cerostakepool.com
891,dosstakepool.com
894,adapool.github.io/adapool
895,cardano.turingpool.io
897,staking-fm.site
898,vrits.nl
899,lungurazvan.ro/cardano
900,stakehero.net
902,pool.yuli.us
904,cardano.gothardt.dk
905,cardanostaking.live
906,cardanostaking.live
908,mcwhirter.com.au
909,everestada.com
910,corp.rakuten.co.jp
913,nedscave.io
914,nedscave.io
922,global-harmony.live
924,fujistakepool.com
927,themoneypool.uk
930,gerolamo.network
932,thevikingpool.com
934,cardanowave.com
936,cardan.io
941,stake.care
942,facebook.com/SVKPools
943,cardanokitty.com
944,cardanokitty.com
945,solidone.io
946,fujistakepool.com
950,dievra.github.io/stella
953,odin.baselinux.net
954,spirestaking.com
955,neoply.io
958,usenobi.com
959,p2p.org
961,ioesi.com
962,t.me/LGBTQ_STAKE_POOL
966,spirestaking.com
968,dbooster.io
969,omegastaking.wixsite.com/website
974,moonstake.io
975,moonstake.io
976,infstones.com
977,honeypot.cash
979,carlworks.com
980,pieceofstake.com
981,moonstake.io
983,spectrum-pool.kind.software
984,cardanoblockchain.fr/staking
986,crowdano.com
989,poolpros.tech
991,adacadabra.io
994,blackwidowstaking.com
996,4goodstakepool.com
997,bytepools.io
998,bytepools.io
999,moonstake.io
1000,amsterdamnode.com
1001,just-stack.com
1003,hajek.biz
1004,stakepool.ai
1009,t.me/TRUMP_stake_pool
1010,t.me/BIDEN_stake_pool
1011,risecardano.com
1012,alvinronald.github.io
1014,adastarnode.com
1015,fortunepool.net
1016,allcardano.com/staking
1017,init100.com
1020,kurdopia.store
1021,vincepool.com
1022,fehupool.net
1023,axios45124903.wordpress.com
1024,pool.bb242.de
1025,eosio.sg
1026,bellada.co.za
1027,love2stake.com
1029,allnodes.com/ada/staking
1030,mona.ie
1031,cryptoman.tech
1033,ada-dream-pool.webflow.io
1034,cryptoman.tech
1035,cryptoman.tech
1036,cryptoman.tech
1037,cardanostakepools.nl
1040,jupiterada.com
1041,cosd.com/pool
1042,javapool.site
1043,da-pool.web.app
1044,twitter.com/sakakibara1JPN
1045,ratpoison.io
1046,ratpoison.io
1047,cryptoman.tech
1049,howdyada.com
1050,simonspool.com
1051,juststaking.com
1053,cardistack.cryptoconnect.uk
1054,cryptoman.tech
1055,cryptoman.tech
1058,stakeops.com
1059,razorblock52.io
1062,cryptoman.tech
1065,felixpham.com
1066,zoepool.com
1068,aquapool.io
1069,cafe.naver.com/pms8351
1075,staked.us
1077,huskypool.com
1078,stakepool-cardano.com
1080,adaocean.com.au
1084,eosio.sg
1085,banderini.net
1086,banderini.net
1087,nodeasy.com
1094,stakepool-cardano.com
1100,unknown7
1101,ceticompany.com
1102,github.com/docvlad51/p.git
1103,auspools.info/Cardano-Stake-Pool-for-Australian-community-qcJ9zhhCSq6S
1104,shellstaking.com
1105,twitter.com/cardano_sugar
1106,adapool.ssmu.win
1109,flippin-stakes.com
1110,adanet.io
1112,pulsefix.com/ada
1113,sites.google.com/view/mango-staking-pool
1116,twitter.com/ADAPool050
1118,adapolis.io
1119,twitter.com/omnidevops?s=09
1120,pandapool.carrd.co
1121,toast-pool.us
1123,ginkg.org/index-en.html
1125,twitter.com/omnidevops?s=09
1126,twitter.com/CardanoChrist
1128,stablepool.de
1129,cardanomint.com
1131,nasec.co.uk/cardano
1133,solxjon.wixsite.com/otoro
1134,stakehaus.ca
1138,amscardanopool.com
1139,1337.chiplife.art
1140,ada-stakingpool.com
1141,waldmops.nvmr.de
1142,fast-g-pool.com
1144,thepeoplesmoney.io
1149,swiss-cardano-pool.web.app
1158,publicwifiproject.com
1159,instagram.com/argstakepool
1160,elevate-value.com
1161,cardanocafe.org
1162,aecon-stakepool.org
1163,hydrapool.io
1165,maxitint.com/Great_Aussie_Stake.html
1167,crypto-economy.com
1168,bitcat365.com
1173,yellow.red
1174,slatepool.io
1175,cardanoikigai.com
1176,nu.fi
1177,kelownastaking.ca
1182,pool.cfort.tech
1183,adaafrica.dittrex.com
1184,bulletproofinvestingclub.com/index.html
1186,hyperlinkpool.kr
1189,mtrxpools.com
1190,apolostakepool.com
1191,groot.earth
1193,zoomstakepool.com
1196,vivi-stakepool.com
1197,greedpool.net
1198,fast-g-pool.com
1200,cardanobrainpower.com
1201,stag-digital.webflow.io
1205,pool.lu
1206,razorblock52.io
1207,razorblock52.io
1208,cardanians.io
1210,cardanox.info
1212,charity-pool.ro
1213,goodpanj.org
1214,tinyurl.com/NINIstake
1215,steekpoel.nl
1216,CryptoroPools.com
1217,alliancestakepools.online
1219,getent.ch
1220,mine-ada.com
1222,oleum.net
1223,lkbh-pools.org
1224,rx78pool.wordpress.com
1225,mtrxpools.com
1226,cardanoromania.ro
1227,lootpool.io
1230,pool99.net
1231,twitter.com/adaka_v
1234,nautiluscrypto.com
1235,twitter.com/pool_bean
1237,unknown8
1240,acidpools.com
1241,cflowpool.com
1242,vanticatrading.com
1244,mycointainer.com/assets/cardano
1245,etoro.com
1246,etoro.com
1247,etoro.com
1252,cardanoscan.io
1253,tender.md.irex.org/Metadata.json
1256,OasisPool.io
1258,github.com/iog21
1260,twitter.com/CardanoArmy
1262,luna-pool.com
1264,SofiaPool.ru
1266,chaincrucial.io
1268,buddhapool.tech
1269,threepool.io
1270,crocopool.tilda.ws
1271,armadastakepool.com
1275,yoyogi-pool.site
1276,stakelake.com
1279,landsharing.org/cardano
1280,sonicstaking.org
1281,adajapan.com
1283,yogipool.github.io
1285,7cs.io
1286,tetonpool.com
1287,git.io/JU0Ud
1292,twitter.com/BizarreStarsNFT
1294,divpools.com
1296,hodlada.today
1300,stoicpool.com
1303,inflw.online
1318,bigroi.club/#/bigroistakepool
1319,senpool.github.io/site
1320,lazerdye.org
1321,beerpool.io
1322,mojopool.online
1323,pooltool.io/about
1324,pooltool.io/about
1327,888pool.io
1329,pool.pokadax.online
1331,areoz1.github.io
1333,atmpool.io
1335,aerea.network
1336,senex.dev
1338,adoptstakepool.com
1339,roninstake.com
1340,castpool.github.io/CASTPool
1341,twitter.com/FablePool
1343,ouroboros.mobi
1344,tadatek.com
1345,testwebsite.com
1346,turbocookie.com
1347,git.io/JU5Hg
1352,github.com/SIMPLPool/SPO
1354,cardanostakepoolops.github.io
1355,vapeavenue.info
1357,thegoodnode.com
1358,grc1.netcount.gr
1359,flownode.xyz
1361,cardanode.io
1362,red-sky.one
1363,kindstakepool.com
1364,growyourstake.com
1365,artzstakepool.com
1368,thc-room335.com
1369,unknown9
1371,keen.world
1372,plantacrypto.com
1378,cardano.bg
1380,loop-pool.one
1381,premiumstaking.crypto
1382,azureada.com
1383,emurgo.io
1385,adabyte.io
1386,wavegp.com
1387,p2p.org
1390,digitalarkpool.com
1391,curryoncrypto.com
1392,ecopool.io
1394,patienceovertime.com
1395,theswim.net
1398,gaiastakepool.com
1399,grahamsnumberplus1.com
1400,Irishpool.io
1404,milky-pool.com
1406,labaroadapool.es
1410,semperfipool.com
1411,mojitopool.com
1412,tidepools.io
1413,unknown10
1414,digitalfortress.online
1417,alps.kalu.solutions
1418,tetrahapps.com
1419,ancap-pool.com
1422,commerce.sleepingnatives.org
1425,easy1staking.com
1426,GigaX.io
1433,foo.com
1435,falconstakepool.com
1436,ada.vnpips.com
1438,cardanocomunidadecplp.ao
1450,github.com/potatopoolnl
1451,github.com/dndhdndh/pool
1452,github.com/dndhdndh/pool
1453,bitblance.com
1454,tts17.com
1455,cardano.securestaking.io
1458,lidonation.com
1460,ivanhreskiv.github.io/veles
1462,autocardano.com
1464,neptune-pool.com
1465,oneiron.io
1466,adaocean.com
1467,adaocean.com
1468,adaocean.com
1469,t.me/StakingADA
1470,stakecool.io
1471,stakecool.io
1472,stakecool.io
1473,adela.dev
1474,0fee.club
1475,0fee.club
1476,0fee.club
1477,0fee.club
1478,0fee.club
1479,0fee.club
1480,0fee.club
1481,0fee.club
1482,0fee.club
1483,0fee.club
1484,stakepoolservice.com
1485,hada.vn.com
1486,stakepoolservice.com
1487,stakepoolservice.com
1488,mantispool.net
1492,thc-room335.com
1493,tap-ada.at
1494,popool.net
1495,git.io/JItdr
1496,adaverse.com
1497,unknown11
1498,unknown12
1501,stakepool.at
1503,unknown13
1504,whalewallet.io
1505,nodenetworks.org
1509,leavethispool.now
1510,stakit.io
1512,publickey.co.jp
1513,cardanowithpaul.com
1514,cplpcomunidadecardano.ao
1515,dapp360.co/ada-stake-pool
1516,skyhi.io
1517,youtube.com/c/augustobackes
1518,1percentpool.eu
1519,1percentpool.eu
1520,1percentpool.eu
1521,1percentpool.eu
1522,1percentpool.eu
1523,1percentpool.eu
1524,1percentpool.eu
1525,1percentpool.eu
1526,1percentpool.eu
1527,1percentpool.eu
1528,1percentpool.eu
1529,nu.fi
1530,nu.fi
1532,boomada.com
1533,boomada.com
1534,cardano420.com
1535,rabbitholepools.io
1536,ada63pool.com
1537,savoir-vivre-eco.github.io/ada-impact
1538,toast-pool.us
1541,everstake.one/cardano
1542,spockpool.co.uk
1543,bloompool.io
1544,stakeada.com
1546,titanstaking.io
1547,cashbackpool.net
1548,cardano.ipclub29.com
1549,cardanoscan.io
1550,sipo.tokyo
1552,jazz4.jazz-pool.com
1553,tokyostaker.com
1556,ada-stakingpool.com
1557,adapoolservice.com
1559,cherrydao.org
1561,cardanoland.com
1562,youtube.com/c/InvestX
1564,github.com/KryptoSolid/ADAPool
1570,planetstake.com
1571,garden-pool.com
1576,adapulse.org
1587,cardano.ipclub29.com
1588,kysenpool.io
1591,nowgrantsartists.com
1592,braveheartstakepool.com
1594,adapools.org
1597,share-pool.com
1598,redhotpawn.com
1599,scardano.io
1600,bloompool.io
1601,bloompool.io
1602,riverpool-crypto.com
1603,bloompool.io
1604,atomicwallet.io
1605,zeitgeistpool.com
1607,twitter.com/SUNRISE_POOL
1609,elitestakepool.com
1610,dapp360.co/ada-stake-pool
1611,cardanocanucks.com
1612,cardanocanucks.com
1613,cosmicassetpool.net
1614,plutus-staking.com
1615,adaverse.com
1617,keipool.com
1618,kyotostakepool.com
1619,ccj123.html.xdomain.jp
1620,ccj123.html.xdomain.jp
1623,sunnyada.io
1624,digitalfortress.online
1626,sapiopool.com
1627,moonstake.io
1628,moonstake.io
1629,moonstake.io
1630,everstake.one/cardano
1631,everstake.one/cardano
1632,everstake.one/cardano
1637,nu.fi
1638,adaspawn.wordpress.com
1639,etoro.com
1641,etoro.com
1642,smart-node.com
1646,osaka-pool.com
1649,etoro.com
1650,etoro.com
1651,etoro.com
1652,etoro.com
1655,giantstakepool.com
1657,congeepool.com
1659,butt.lol
1660,emurgo.io
1661,emurgo.io
1662,emurgo.io
1663,emurgo.io
1664,emurgo.io
1665,emurgo.io
1666,emurgo.io
1667,emurgo.io
1668,emurgo.io
1669,the.adahou.se
1670,emurgo.io
1671,emurgo.io
1672,emurgo.io
1673,emurgo.io
1674,vadapool.com
1675,jaco.ubqt-splice.com
1676,valencepool.com
1677,kaizencrypto.com
1679,cortexpool.io
1680,pool-of-babel.com
1684,adapilot.com
1685,galaxy-stakepool.com
1688,plushpool.com
1689,staking-fm.site
1690,adasuisse.io
1691,staking-fm.site
1692,staking-fm.site
1693,staking-fm.site
1694,monadpool.com
1695,garden-pool.com
1696,cpoolsunited.com/pool?id=MINES
1697,cpoolsunited.com/pool?id=CPU
1698,cpoolsunited.com/pool?id=UDP
1699,cpoolsunited.com/pool?id=ERA
1700,sipo.tokyo
1701,en.wikipedia.org/wiki/Philippines
1703,cardano.amsterdam
1706,instantecg.org/nola.html
1708,newm.io
1709,danteachescrypto.com/cardano-staking-pool
1711,wecan-group.com/ada
1712,cardano-th.github.io/BKKA
1714,cardano-education.com
1716,q15.co.uk
1717,nu.fi
1718,twitter.com/Ali_PKADA
1719,CardanoPizza.com
1720,baconpool.com
1722,supernova-pool.com
1724,logicalmechanism.io
1725,myadapool.club
1726,azureada.com
1728,p2p.org
1729,stakepool.me
1731,bitlamp.ch
1732,goatstake.com
1733,cardano.ubqt-splice.com
1734,climateactionfundgroup.com
1735,gdaypools.com
1736,frcan.com
1737,dynamicstrategies.io
1738,bulletproofinvestingclub.com/index.html
1739,unknown14
1740,raynetwork.io
1743,pooltool.io/pool/b81c65f4e17c8e94d89fcd369d11077af9800ae70177013a1a79b349
1744,mycardanostake.com
1745,twitter.com/Beastlyorion
1747,cardano.securestaking.io
1748,aquapool.io
1750,smilespool.com
1752,parisadastakepool.fr
1754,facebook.com/zelda.stakepool
1755,free-york.com
1756,scoop.tech/chaitee
1757,rwon-staking.com
1760,mornepool.com
1764,2Relays1Core.com
1765,iohk.io
1766,iohk.io
1767,iohk.io
1768,iohk.io
1769,iohk.io
1770,iohk.io
1771,iohk.io
1772,iohk.io
1773,iohk.io
1774,iohk.io
1775,iohk.io
1776,iohk.io
1777,iohk.io
1778,iohk.io
1779,iohk.io
1780,iohk.io
1781,iohk.io
1782,iohk.io
1783,iohk.io
1784,iohk.io
1785,iohk.io
1786,iohk.io
1787,iohk.io
1788,iohk.io
1789,iohk.io
1790,iohk.io
1791,iohk.io
1792,iohk.io
1793,iohk.io
1794,iohk.io
1795,iohk.io
1796,iohk.io
1797,nordicpool.org
1799,elephantpool.carrd.co
1800,cardano-pool.eu
1801,blackstarpool.com
1802,istakecardano.com
1803,github.com/igelineau/cardano-node
1804,cleanwaterstakepool.com
1805,cheapstaking.com
1806,astorpool.net
1807,vincepool.com
1808,binance.com
1809,iohk.io
1811,binance.com
1812,binance.com
1813,binance.com
1814,binance.com
1815,binance.com
1816,binance.com
1817,binance.com
1818,binance.com
1819,binance.com
1820,binance.com
1821,binance.com
1822,binance.com
1826,krypto-knight.us
1827,binance.com
1829,atomicwallet.io
1830,raise-stake-pool.github.io
1839,mdmapool.de
1840,twitter.com/infinitypooI
1842,nu.fi
1846,inboxstrategy.com/inbox-pool
1847,vampyre.fund
1850,t.me/TIGERpool
1851,...
1852,unknown15
1853,tikipool.net
1854,unknown16
1856,307pool.com
1857,binance.com
1858,twitter.com/MertsPool
1859,wavepool.digital
1861,woodlandpools.net
1862,can-ada.io
1863,atagopool.com
1864,github.com/tienna
1865,unknown17
1866,seedpools.org
1867,adavault.com
1870,cardanians.io
1871,twitter.com/KalixPool
1872,pool.watchavideo.com
1873,cardanocanada.org
1874,aichi-stakepool.com
1876,fimi.vn/ada
1877,bunniesrock.io
1878,elbstake-hamburg.de
1880,adadada.club
1881,coffeepool.jp
1882,adaworld.io
1884,ahlnet.nu
1885,stakedingo.com
1886,feelstakepool.com
1888,adpl.swebe.vn
1890,dana.fund
1892,blockoperations.com/cardano-pool
1893,cardano.afrikpool.org
1896,unknown18
1898,ada-bp.com
1900,lambdastake.com
1901,romerstakepool.io
1903,nu.fi
1904,debosberg.nl
1909,adakailabs.com
1910,veganpool.org 
1911,cryptosandtokens.com/cardano
1912,stakeandsword.com
1913,cardanoland.com
1914,adalock.net
1915,powerstakepool.com
1916,git.io/JLN8S
1917,lvlup-stakepool.com
1919,ada-bamboo.webnode.com
1920,cardanocafe.org
1921,edu.clio.one/lessons/cardano-on-the-rocks/lessons/introduction-2
1922,arve-adastakepool.net
1923,veganpool.org 
1924,rarepool.io
1925,onyxstakepool.com
1926,onyxstakepool.com
1927,foo.com
1928,ada63pool.com
1929,abcstake.com
1931,nowebsite.com
1932,twitter.com/flux_pool
1934,zenen.space
1936,biceppool.com
1937,rainstake.io
1938,cardanocadets.io
1939,AirAdaPool.com
1940,sportadapool.github.io
1942,nu.fi
1944,github.com/Sculan
1945,tinyurl.com/Pool-NICE
1948,qcpol.stakepool.quebec
1951,adacoinpool.com
1952,vinaidol.com/ada
1954,adyay.co.uk
1955,adaholycs.de
1956,ada-swag.com
1957,publickey.co.jp
1958,adacadabra.io
1960,ada-cadabra.com
1962,janzconsulting.com/janz-stakepool
1963,referralpool.io
1964,zada-stake.de
1965,piestake.com
1966,ada.vnpips.com
1967,adamantium.online
1968,unknown19
1969,feastpool.com
1971,twitter.com/Fine_stake_pool
1972,twnsqr.com
1973,lucid.rizome.io
1974,everstake.one/cardano
1975,EpochStakePool.com
1978,twitter.com/cardanodan
1979,lucy-pool.com
1981,pocapeca.com
1982,git.io/JItdr
1984,github.com/ACEStaking/ACE
1985,mayhoney.co.kr
1987,azureada.com/azdfm
1988,ioht.github.io
1989,skullys.io
1991,stake.saite.no
1992,tribepoolrocks.com
1993,aeropool.org
1997,ada-swing.net
1998,fry.markraybin.com
1999,vicepool.com
2002,titwpool.com
2003,bikestake.com
2006,hodlada.today
2009,cheekycrypto.io
2012,scopools.com
2013,cardanostaking.tapiafamily.org
2015,phoenix-adapool.com
2018,ibeestaking.com
2020,binance.com
2021,binance.com
2022,binance.com
2023,binance.com
2024,binance.com
2025,binance.com
2026,binance.com
2027,binance.com
2028,binance.com
2029,binance.com
2030,binance.com
2031,binance.com
2032,binance.com
2033,binance.com
2034,binance.com
2035,breizhstakepool.io
2036,chowqwing.wixsite.com/mekonpool
2037,chinablockchain.io
2040,cardanosimple.com
2042,solarada.github.io
2044,kangaroo.onl
2047,digitalfortress.online
2048,digitalfortress.online
2049,digitalfortress.online
2050,digitalfortress.online
2051,anewpool.io
2052,twitter.com/cardanian_pool
2054,crowdano.com
2057,cardano.buzz
2058,disr.pt/pool
2059,adapools.org/CUTE
2060,nu.fi
2063,nfthubs.io
2065,sanku-pool.com
2067,adastack.net
2068,babbagetrustadapool.com
2069,pool.robinhooti.com
2070,pool.ada.viamaple.net
2071,ada.ibexpool.com
2072,diya.blissweb.co
2073,bit.ly/CryptoNOBES
2075,freeboobspictures.com
2076,twitter.com/kodlpoolzero
2077,martestaking.eu
2078,dew-stake.com
2080,coffr.info
2081,StakeMyADA.net
2083,cloudpool.info
2084,cardaknow.io
2085,bluecheesestakehouse.com
2086,bluecheesestakehouse.com
2087,bluecheesestakehouse.com
2088,bluecheesestakehouse.com
2090,adazulpool.com
2093,yugenpools.com
2094,crypto.ro
2097,hourtwentyfive.com
2099,unknown20
2100,unknown21
2101,unknown22
2102,unknown23
2103,adaocean.com
2104,adaocean.com
2105,unknown24
2106,unknown25
2107,stakit.io
2108,twitter.com/stakingberlin
2109,unknown26
2111,unknown27
2113,unknown28
2114,unknown29
2115,unknown30
2116,unknown31
2117,unknown32
2119,white.topopool.com
2120,unknown33
2121,unknown34
2122,adawaypool.com
2123,unknown35
2124,21ada.ca
2125,mrnout-stakepool.com
2126,swell-pool.com
2127,wise-pool.eu
2128,ada.learnstaking.org
2130,garden-pool.com
2131,garden-pool.com
2132,cardano-swiss.ch
2135,github.com/abracadaniel/cardano-node-docker
2136,alps.kalu.solutions
2138,diamondpool.io
2139,madamadapool.com
2140,github.com/BlueBeetle13/AdaStakePool
2142,myadapoolnamerocks.com
2143,rektangularstudios.com
2144,adagir.com
2146,upandbyte.com
2147,iohk.io
2148,bitapool.wixsite.com/bita
2149,noopspool.com
2151,skepsispool.com
2152,mugen-pool.com
2155,danteachescrypto.com/cardano-staking-pool
2156, bodhipool.com
2157,cardano.afterschoollabs.io
2158,atomicwallet.io
2159,twitter.com/RinoPool
2160,yxadapool.eu
2161,viking-feast.com
2162,citta.stream
2167,babelfish.gr
2168,endeavorstakepools.com
2173,saganpool.com
2174,everstake.one/cardano
2175,8sqrdpools.com
2176,github.com/korea-gazuaa
2177,git.io/Jtwpr
2179,seaside-staking.github.io
2180,spadacardano.github.io
2182,TheMorphium.io
2183,47cloud.com
2184,unknown36
2187,futurepool.dev
2188,guiana.cardano-stakepool-france.com
2189,randomfrenchpool.com
2190,woellchen.github.io/poolMetaData.json
2191,mantispool.net
2194,julienaklei.com/cardano
2195,jbrew.co.uk/cardano
2196,k2pool.com
2197,jduquennoy.gitlab.io/jdfr-stake
2199,plutostakepool.com
2200,ada040.nl
2201,tygar-pool.com
2203,164.90.245.78
2204,smartevolve.com
2205,bardoproductions.com/bardo-pool-1
2207,staking.secretcastlegames.com
2210,cardano.stakepools.info
2211,BingoPool.online
2212,adapool.bananabit.net
2213,love2stake.com
2215,Platinum-Pool.com
2216,github.com/empo990/matrx_adapool
2217,target-pool.com
2218,claynation.io/stake
2219,racexpool.com
2221,elladapool.online
2222,scardano.io
2223,oneequity-staking-pool.com
2225,unknown37
2226,github.com/wir3code
2227,stakeforcake.com
2228,stakeforcake.com
2231,euskalstakepool.win
2232,crypto-primer-1doge-pool.yolasite.com
2233,amperepool.com
2234,poemstakepool.com
2235,germanstaking.com
2237,unknown38
2238,pool.circa.pw
2240,euadapool.com
2241,masterstake.com
2242,goatstake.com
2244,spane.org
2246,tama.fm4dd.com
2247,nu.fi
2248,cardano-education.com
2249,goatstake.com
2251,sylvanium.com
2252,midgard.digital
2253,holastakepool.com
2256,mtpool.live
2257,goatstake.com
2258,goatstake.com
2259,AskCharlesAnything.com
2260,poolamour.com
2261,superpool.cash
2263,unitegrity.com
2265,stakemadafakka.com
2266,cardano.fans
2268,cozytokens.io
2272,adastrong.com
2275,devilsdelegate.com
2276,blocknroll101.github.io
2277,condepool.com
2278,pudim.od.gy
2279,adacoinz.com
2281,ada-connect.com
2282,ada.bestpool.pro
2284,starfishstakepool.com
2285,popada.github.io
2287,bravostakepool.nl
2290,riseuppool.com
2294,nspyrpool.com
2297,augmos.com/cardano
2298,transferium.io
2300,tetrahapps.com
2303,ideal-stake-pool.com
2304,cardano-blockhouse.de
2306,gesada.me
2307,dutchpool.eu
2308,rkdn.app
2309,stakepool-germany.de
2310,responsible-staking.at
2311,lacepool.com
2312,save-staking.net
2313,StakeWithPride.com
2316,spicepool.net
2317,twitter.com/LoFiStakePool
2318,ace.tokendynamics.net
2319,lavapool.io
2320,ada-stake.com
2323,stakeithere.com
2324,reservoir.network
2325,amberpool.io
2326,adaseal.eu
2327,artano.io
2328,Pool.Bio
2329,cardano.best
2330,zeteticstakepool.com
2331,super-actuarial-stake-pools.com
2332,zetetic.tech
2333,sustainapool.org
2334,adacoinz.com
2336,vaporpool.eu
2337,armfunds.org
2338,nodeasy.com
2339,tetrahapps.com
2341,staking-cardano.com
2342,midas-stakepool.com
2343,cardano.securestaking.io
2344,bitphant.com
2346,anzacmintpool.com
2347,zed-pool.com
2349,fimi.vn/ada
2351,twitter.com/Beastlyorion
2352,dew-stake.com
2353,darthpool.com
2354,womenpool.net
2360,cardano-republic.com
2361,babbagetrustadapool.com
2362,cardanode.com.au
2365,krewe.cloud
2367,bluecoyote.net
2368,pool.teknik.fr
2370,mesi.com.ar/cardano
2371,cardanoinitiative.com
2372,blackrocket.space
2373,italianspib.it
2374,pools.zw3rk.com
2375,apexpool.info
2377,queensack.com
2380,kaizencrypto.com
2381,vulcanstakepool.com
2383,ffs.exchange/cardano
2384,2six4.com
2385,aquariusstaking.com
2387,pool.uwabl.io
2388,gotostaking.com
2389,foo.foo.com
2390,doorkstaking.com
2391,kazunaka.com
2392,khanpool.com
2393,melbournestakepool.com
2394,twitter.com/PureStakePool
2397,adagogo1.com
2398,unknown39
2400,queensack.com
2402,sites.google.com/view/rlbl/home
2403,adaholland.eu
2404,socialch4in.com
2405,adahero.com
2407,wiredfoundation.org
2408,git.io/JtQ7n
2409,cardano-israel.com
2411,droid-pool.com
2412,aivs-adapool.datamaven.pro
2414,unkindness.network
2416,nemo.global
2417,pool.sprucefir.de
2418,stormpool.blogspot.com
2419,rainbow-pool.com
2420,alflycademy.com
2421,ada.poligram.de
2422,nanipool.com
2424,trexstaking.de
2429,blackboxpool.io
2430,lottopool.cloud
2431,blackstarpool.com
2433,adapool.at
2434,peakstaking.com
2436,unknown40
2437,muskada.de
2438,kairospool.azurewebsites.net
2440,tapioca.link/en/homepage
2441,gqs-rain.de
2443,captianjackadapool.com
2444,nordicpool.org
2445,solarcardano.com
2448,thetigerparty.com
2449,family.burmaster.com/aspca
2452,ladapool.com
2453,wada.cash
2454,youradapool.com
2455,everstake.one/cardano
2456,smallpool.io
2457,nexuspool.org
2459,dicfam01adapool.com
2460,mynameisada.webnode.com
2463,wookie-nation.com
2464,adamountain.com
2465,cardanocafe.org
2466,rats.fail
2468,fikapool.com
2470,4tun8.tech
2472,cardanowithpaul.com
2473,poolingtogetherptgr.com
2475,elementalpools.io
2476,everstake.one/cardano
2477,everstake.one/cardano
2478,shaktipool.org
2479,adacharitypool.com
2480,cardanoverve.com
2481,ada4good.com
2484,sickcity.xyz
2486,twitter.com/jpn24_ada_pool
2489,adamaxpool.com
2490,hiveai.tech
2492,staykpool.com
2493,godel.club
2495,coffeestudio.com.au
2496,lunapool.org
2498,bluehares.com
2499,noms-stakepool.com
2500,ada-darkpool.com
2502,psyada.com
2505,troutpool.io
2506,cardanobtc.com
2507,dicfam01adapool.com
2512,stakit.io
2513,cpoolsunited.com/pool?id=PROTO
2515,git.io/JqkKu
2516,decentralized-psychiatry.gitbook.io/decentralized-psychiatry-1
2517,eliteADAstakepool.com
2520,medicalstakepool.com
2521,facebook.com/Freedom.Socal
2523,ada.markets
2526,ada-infinitum.github.io
2527,bandsonchain.com
2528,lightmate.tech
2529,redbooster.it
2530,pooltool.io/pool/4fcee8a36d22b0254a9e3bb9065eea380d1adc35aff6a5e17b0bc272
2532,fritz-stake-pool.com
2534,jr8974.wixsite.com/dankcentral
2535,pxlz.org
2536,argyroscrypto.com
2537,foo.com
2541,twitter.com/stephenacts6v8
2543,poolg.de
2544,stake-blue.com
2545,Child.Help
2548,rpawstakepools.com
2549,froggies.vercel.app
2550,1pct.net
2552,blockchainpilots.io
2553,tca.io
2558,adacanw.com
2559,elektropool.com
2560,1percentpool.eu
2561,GreekPool.io
2562,1percentpool.eu
2563,1percentpool.eu
2564,raw.githubusercontent.com/mikkelkrogsholm/adapool/master/poolMetaData.json
2565,cardanari.com
2566,OrbitPool.net
2567,stake-pool.sfinx-it.com/delegate
2569,livemintnft.com
2570,pooldata.live
2571,yeti1t3y.github.io
2573,adasrn.com
2574,pool-pc167.com
2575,freerangehumanity.com
2577,cactus-stakepool.github.io
2580,crown-tech.co.jp/ctecstakepool
2582,birds-pool.com
2583,lordb.rocks
2584,unknown41
2585,qiling.io/stake
2587,avenepool.com
2588,twitter.com/wagyustakepool
2589,binance.com
2590,binance.com
2591,binance.com
2592,binance.com
2595,binance.com
2596,binance.com
2597,binance.com
2598,binance.com
2599,binance.com
2600,binance.com
2601,binance.com
2602,binance.com
2603,binance.com
2604,ada-india.com
2606,cryptocolony.cz
2608,southtyrolpool.it
2610,vortex.rocks
2611,suripool.sigaservices.com
2612,bit.ly/3c2A3wa
2613,rainforestpool.org
2614,arare.io
2615,binance.com
2616,dono-pool.com
2617,wafflepool.org
2618,vegapool.tech
2620,ItalyPool.com
2623,1percentpool.eu
2624,vivrekado.de
2625,planetstake.com
2629,nu.fi
2630,adapool.jed.id.au
2631,picoberry.co
2634,cardanoeagle.com/ada-pool
2635,twitter.com/SDGsPOOL
2637,7pool.io
2638,1percentpool.eu
2639,1percentpool.eu
2640,papertopia.io
2642,ada247.net
2643,hrcstakepool.com
2644,wecloud-pool.ddnsfree.com
2645,tigrpool.com
2646,cardanoworld.net
2647,asgold.monsite-orange.fr/index.html
2650,dadstakes.com
2651,digitalundergroundpool.com
2653,smplpool.com
2654,pool.jr2r.com
2656,adavault.com
2658,ludus-magnus.github.io/Cardano
2659,adavault.com
2660,tangocrypto.com
2662,vmanapool.com
2663,twitter.com/pool_zero
2664,46s.au.ngrok.io
2665,meapool.com
2666,holygrailstaking.com
2667,poopool.org
2670,twitter.com/deisensei
2671,teslapool.io
2674,tigrpool.com
2675,drpadapool.io
2676,alps.kalu.solutions
2677,kawancardano.com
2678,raspberryrpi.com
2679,fuckupayme.org
2680,gracestakepool.eu
2681,Hedgespool.com
2682,spklpool.com
2683,cloverpool.net
2685,amig.ar
2687,redskyresearch.com
2688,github.com/ADAydin1905/adaydinPool1
2689,orpheus-antpool.github.io
2690,gachipool.com
2691,terryslair.com/cardano
2692,fort.is
2693,unitegrity.com
2694,oroops.com
2695,moonstake.io
2697,moonstake.io
2698,moonstake.io
2699,neatstaking.com
2702,github.com/desayuno11
2703,staking.partners
2704,knightsofcardano.com
2705,offchainpool.com
2706,finapool.com
2707,ada.taufinrusli.com
2708,git.io/JtD9N
2709,rpawstakepools.com
2713,contractorpool.blogspot.com
2714,cardanotosser.com
2717,unknown42
2718,cryptoicarus.com
2720,poolbone.github.io/meta
2721,twitter.com/dddiiisss_SPO
2723,struckded.com/pima
2724,munichmetal.de
2725,xystence.com
2726,cpoolsunited.com/pool?id=CURIE
2727,bloompool.io
2728,bloompool.io
2729,redskyresearch.com
2730,germanstaking.com
2731,unknown43
2732,ratpoison.io
2733,ratpoison.io
2736,wada.cash
2737,xreactx.github.io
2738,adawingman.com
2739,ada.CountessOfLovelace.io
2740,coinminter.io
2742,twitter.com/adizpool
2743,nedscave.io
2744,nedscave.io
2746,denadapool.io
2747,failfection.com
2749,letsada.com
2750,stakewithnerd.com
2752,wada.cash
2753,waldmops.nvmr.de/leaks
2754,nu.fi
2755,nu.fi
2756,nu.fi
2757,nu.fi
2758,nu.fi
2759,nu.fi
2760,cardanobrainpower.com
2761,"sharktx.com,"
2763,ada.ibexpool.com
2765,skywriter.prototypeindustries.com/dist/blockchain.html
2766,github.com/gitmachtl/StakePool-Operator-Tools-Alliance
2767,adapools.org/pool/2925d0946a0f4bdfb9b21e30208dbbd064adcae9e4a2f579c477f82f
2768,aaron-pool.site
2772,alpencardano.io
2774,adapays.net
2775,bonafideada.com
2777,swissqa.com
2778,honeystake.com
2779,adacoinprofits.com
2781,spaas.org
2782,pyur.io
2783,youtube.com/cryptocapitalventure
2784,plebpool.com
2785,EnactPool.com
2786,roca.graphicartdesign.ro
2787,twitter.com/beehivepool
2788,fightpool.io
2790,mrnout-stakepool.com
2791,twitter.com/OystrPool
2792,agua.gratis
2793,apnadb.com
2794,cometstaking.com
2795,adacoinprofits.com
2797,cardanostash.io
2799,gaja-ada-pool.org
2800,unknown44
2801,triont.com
2804,twitter.com/SMAN8_TickerSA8
2805,cardanoample.com
2809,meme.best
2811,eguard.io
2812,swissqa.com
2813,pimpmypool.github.io/PimpMyPool
2816,twitter.com/mag1c79335201
2817,my-adapool.com
2818,kylek.online
2820,cardanosushi.com
2821,twitter.com/BreakingADA
2822,histake.eu
2823,myada-pool.com
2824,oceanblue.mr-bandwidth.com
2825,musicmessengers.org
2826,chesspool.org
2827,unknown45
2829,orangejuicepool.github.io
2831,orkastakepool.com/pasha
2832,sunner.org
2833,studio0716.github.io
2834,WinePool.io
2835,fasostakepool.com
2836,bitstall.net
2837,stakenoble.com
2838,bourbonx.io
2839,github.com/ryomapool/ryoma
2840,rarepepes.com
2841,piada.io
2842,pool.vertica.se
2843,unknown46
2844,rinauser.group
2845,cardano-tools.io/europool
2847,cardino-ada.netlify.app
2848,cardanopool-germany.de
2850,zosterpool.site
2851,twitter.com/N_oyaji_ada
2856,adablue.io
2858,beehive.devopsgears.com
2859,charitypool.io
2860,TheHappyHamsters.com
2862,sliceofstake.com
2863,iagstakepool.com
2864,xstakepool.com
2865,strikepool.org
2867,ada.acmesolutions.com.au
2868,staketoday.io
2869,cosmopool.space
2870,ever-peace.blogspot.com/2021/03/welcome-to-my-blog.html
2872,cardano.gratis
2873,cardano.validators.i2r.tech
2875,pdtpools.io
2876,ceap.io
2877,stakeforfuture.org
2878,ada.ragnaroksistemas.com
2879,media.giphy.com/media/YYfEjWVqZ6NDG/giphy.gif
2880,nizi-stake-pool.com
2882,my-adapool.com
2884,gotcardano.com
2885,metaada.com
2886,charypool.com
2887,ada.mofox.fit
2888,linatr.me
2889,unknown47
2890,pool.malpertus.com
2892,glasspool.net
2893,steelstaking.eu
2895,jayfieldnet.io
2896,trumpfanpool.github.io
2897,bedrockstaking.com
2899,youtube.com/c/augustobackes
2900,theoceancleanuppool.ch
2901,twitter.com/RootYakisoba
2903,twitter.com/TAKO3_Takoyaki
2904,ryucapital.medium.com
2905,cardano.dfii.co
2906,haxmode.io
2909,velocicoin.github.io
2911,cardano.weebl.me
2912,cdncardano.com
2913,swisscryptojay.ch
2916,hamster-stake-pool.de
2917,neotechadmin.com/ada-pool
2918,koicoin.io
2919,canadastakes.ca
2925,furcio.eu
2926,twitter.com/beachadapool
2927,pool.pm
2928,getgigs.com
2929,akyo.org
2931,hpn.fimi.vn
2932,tofupool.io
2933,triont.com
2934,selldone.com
2935,belgiancryptofund.github.io
2937,unknown48
2939,cardano-staking-frankfurt.de
2940,nika-pool.web.app
2941,developingone.com
2942,mambapool.org
2945,retrostakepool.com
2946,zorbapool.com
2948,triont.com
2949,lafrontiera.net/cardano
2950,cardano.dantup.com
2951,thecardanomarketplace.com
2952,cardano.garden
2953,blockswell.com
2954,nimuepool.io
2956,stonestake.com
2957,twitter.com/adamoneytrees
2958,visiondots.com
2959,binance.com
2960,binance.com
2961,binance.com
2962,binance.com
2963,binance.com
2965,ilukapool.com
2969,togopool.org
2970,sites.google.com/view/efectocardano
2971,pinestake.com
2972,stakinator.com
2973,stakeitbetter.com
2975,plotcardano.com
2976,cafe.naver.com/adatross
2978,blockchainlens.org
2980,github.com/MrOrange90/veno-pool
2981,eyeoftheking1.wixsite.com/eokschpool
2982,cryptofunctional.com
2983,berchpool.com
2984,nocapstakepool.com
2986,adaprizepool.com
2987,twitter.com/LightStakePool
2988,vogue-pool.com
2989,huatpool.com
2990,greatergoodinvesting.com
2991,foo.com
2995,adapool.one
2996,git.io/JYd9C
2997,ada-stake-space.github.io/meta
2998,coudrebros.eu
3001,zbpool.github.io
3003,1percentpools.com
3005,stakehub.app
3006,ahaxu.com
3007,coldpool.org
3011,cardano-echo-pool.com
3013,behemothpool.com
3014,14all.dev
3015,github.com/BYOBStake/BYOB
3016,poolailler.xyz
3017,indborg.wixsite.com/adastaker
3018,hawaiicardano.com
3019,1stcardanostakepoolofindiana.com
3020,stakeTREK.io
3021,latinstakepools.com
3023,blog.naver.com/stakingpoolforus
3024,thegoodnode.com
3030,waygency.com.au
3032,unknown49
3034,twitter.com/CHUCK_StakePool
3036,cardanocashpool.com
3037,cardanocashpool.com
3038,cardanocashpool.com
3039,cardanocashpool.com
3040,az5.io
3041,twitter.com/ADA_CATS_meow
3042,decentrapool.webnode.cz
3043,burns.bardels.me
3044,PatriotsPool.com
3045,twitter.com/INF1_pool
3047,magic8pool.info
3048,maklms.com
3049,storkpool.com
3050,galyan77.github.io
3052,pool.astch.com
3053,sada-pool.github.io/SADA-website
3054,twitter.com/cardano_aman
3055,axnstakepool.co.za
3057,adaption.us
3058,hyungryun.github.io
3059,yolopool.io
3060,oda.fimi.vn
3061,lttrstakingpool.org
3062,nftynfty.com
3064,cflowpool.com
3065,samba.pool.dev.br
3066,myadanode.com
3068,lamportpool.com
3069,blog.naver.com/shsfse/222301957216
3070,dga-informatica.com
3071,covepool.com
3072,saturnstakepool.wixsite.com/site
3074,tinyurl.com/5tnkywxk
3075,gimbalabs.com
3077,stakepools.africa
3078,elipool.com.au
3079,floatlight.com
3082,adasaar.de
3084,hashwell.io
3085,bladepool.com
3086,lgbtqpool.com
3087,github.com/morgworth/SNDC
3088,sbc-pool.tk
3089,redhorsepool.com
3090,dday-pool.adamantas.io
3093,xenovia.consulting/adapool
3094,wavepool.digital
3095,wavegp.com
3097,wavgp.com
3099,everstake.one/cardano
3100,cryptostakes.ch
3101,rotapool.flazio.com
3102,radarstakepool.org
3105,pooltool.io
3106,adamoon.net
3107,brokenboxsanctuary.com
3108,sanskys.github.io
3109,gibon.online
3110,zeusdotdog.github.io
3111,stakepool.guru
3113,appy.network
3116,unknown50
3118,valhallapool.net
3120,neostakepool.nl
3121,psiloblox.io
3123,myadapoolnamerocks.com
3125,unknown51
3126,maximapool.com
3127,guildwork.org
3128,github.com/totallyradnetworks/cardano-core1/blob/4b0116270d0f83d700443450942ccc106087e785/poolMetaData.json
3129,uWale.com
3130,lotusada.z23.web.core.windows.net
3131,goldcoastpool.org
3134,givada.io
3136,twitter.com/smilerosepool
3137,stars-pool.com
3138,michael-bauer.tech/cardanostakingpool
3139,ATFFpool.at
3140,greatstakepool.com
3141,empowerstakepool.com
3142,spacecoins.io
3143,cardabros.com
3145,github.com/monolith-pools/monoblock-cardano
3147,mahalopool.com
3148,hunny-pool.com
3149,twitter.com/DlabPool
3150,vnpool.xyz
3151,rendez-vous-pool.fr
3152,pool.sublayer.io
3153,adasoup.com
3154,quantumenergytokens.com
3155,ozzy-pool.com
3156,anejopool.com
3157,begoodpool.com
3158,ravenadapool.github.io
3159,stakemexico.io
3160,cardanostakepoolmx.com
3161,frontierpool.com
3162,moneta.money
3163,crypto-loops.com/loops
3164,mbcg.io
3165,goalstaking.com
3166,lucky8888.org
3167,adalife.netlify.app
3168,twitter.com/SANTA_cardano
3169,quixote.systems
3171,usas.one
3172,cardapool.com
3173,milkpool.org
3175,greencripto.com
3176,natureada.org
3177,ynms.io
3178,golgi-pool.it
3179,cardano-ada-staking-pool.com
3180,rightstakepool.com
3181,thc-room335.com
3185,labyrinth-pool.wixsite.com/labyrinth
3186,AvocPool.com
3187,lowIQ.rocks/lowIQ.metadata.json
3188,p3lol.de
3189,twitter.com/Saudi_Ada
3190,peachypool.io
3193,mobile.twitter.com/NGS_KGSP
3196,cardanocult.com
3201,youtube.com/channel/UCRvqjQPSeaWn-uEx-w0XOIg
3202,1ada.org
3203,ada-pool.cloud
3204,preciouspool.com
3205,maridia-pool.github.io
3206,stakemana.com
3207,chfpool.wordpress.com
3208,giveada.com
3210,coderfx.github.io/LOKI
3211,xs4u.net
3213,adatrees.com
3214,backtheblockchain.org/cardano-staking
3217,excelionpool.com
3218,cardania.com
3219,facebook.com/vantoan.mai.7
3220,twitter.com/ada_jkl
3221,stakepoolada.com
3222,raw.githubusercontent.com
3224,ravenpool.net
3225,yokohamapool.com
3226,adahq.com
3227,nobelware.com/Cardano
3228,high-pool.atwebpages.com
3230,smartstakingsolutions.com
3231,brisnode-cardano.org
3232,twitter.com/cookiepoolada
3233,cardanowelfarestakepool.com
3234,prepareupool.io
3235,solidarity.finance
3237,thc-room335.com/rama
3238,docstakepool.carrd.co
3239,unknown52
3240,unknown53
3241,bitpullstake.com
3242,aichi-stakepool.com
3244,cxpa-pool.io
3245,pipemind.com
3246,opendawn.com/DAWN
3247,kesava.com/pool2021
3248,adawinpool.com
3249,cardanotech.io
3250,aymanstake.com
3251,cardanodo.com
3253,discord.com/invite/yA9cAtD3et
3254,cadenspool.com
3255,kyoku-pool.online
3257,youtube.com/cryptocapitalventure
3258,crazeekennee.com
3260,twitter.com/alienstaking333
3261,google.com
3262,cardanostakers.xyz
3264,norbpool.club
3265,copenhagenvertigo.com
3266,pasta-pool.com
3268,chaos-staking.com
3269,tobamint.io
3270,drunkendragon.games
3272,0pool.net
3273,granadapool.com
3274,hoskclips.com
3276,januspool.org
3277,fideliostakepool.github.io
3278,twitter.com/BFQ9ixbjSBbLw9e
3284,profiler.biz
3285,nerdco.io
3289,unknown54
3292,axelreynolds.com
3293,twitter.com/hoskpool
3294,okex.win
3295,atmr-pool.com
3297,degas-pool.com
3300,ita50pool.com
3302,cryptoseeds.cc
3303,facebook.com/z3ldastakingpool
3304,twitter.com/LIDIevents
3305,hanabi-stakepool.jimdofree.com
3306,unknown55
3307,unknown56
3310,panl.org
3312,twitter.com/7nekonymous
3317,twitter.com/PoolAsahi
3318,cardanocolombia.com.co
3321,crayoneaterhooahpool.com
3324,github.com/stakepoolhub
3325,raw.githubusercontent.com/royabaaff/ff/master/meta.json
3327,vicispool.com
3331,github.com/ADA-MARS/POOL
3332,fixedvalue.com
3333,bancpool.com
3334,mediumrarestake.com
3335,amicielettronici.io
3336,unknown57
3339,github.com/crest9999
3340,github.com/desayuno11
3341,xsyfer.com
3343,froge.world
3344,cardano-azure.com
3345,git.io/JEvU6
3346,babylonpool.com
3347,gintas.dk
3348,github.com/karnagge/piebr
3350,twitter.com/kameido1
3351,fredo.rocks
3353,zunderpool.io
3354,myada-pool.com
3356,wavepool.digital
3357,cardano.netspectrum.com:3002
3358,adastaking.co.uk
3360,cardano.hairystakingpool.com
3361,cardanohub.net
3362,fourbrothersforada.com
3363,maasai.io
3364,CardanoKatet.com
3366,ada.kallados.com
3369,dappslatam.com
3370,ezpool.github.io
3374,redbike.asia
3375,andes-pool.com
3376,adarewards.org
3378,adanz.org
3380,bldg10.com
3381,unknown58
3382,sai-stake-pool.github.io
3385,alphaturing.co
3386,home4cardanians.online
3389,cardanotexas.com
3390,hazelpool.com
3391,alphr.finance
3392,espressopool.net
3393,loyalpool.github.io
3394,trap-pool.com/index.html
3400,latamada.com
3403,carpoolcrypto.com
3404,ada9000.io
3405,A3CcryptoClub.com
3406,cannabisada.myportfolio.com
3407,vincepool.com
3409,rakuda.noor.jp
3410,youtube.com/c/JasonPizzinoOfficial
3411,HKBeyondr.io
3412,hasch.io
3414,freshpool.ca
3416,capybara-pool.org
3417,unitycrypto.io
3420,gonzo-gongon.wixsite.com/website
3421,g4ur.com/projects/stake-pool
3422,gdefipool.com
3423,zodpool.com
3424,muen-project.com
3426,crown-tech.co.jp/ctecstakepool
3427,mobc.work
3428,unstoppable.staking4ada.org
3429,cardano-aden.com
3430,twitter.com/kameido1
3431,actpool.io
3432,https:artburn.io
3434,adapools.org/pool/7ce59da0bac7f64b40fcda60a7ee368d5ac8082d81f2bb75fef9e01e
3436,twitter.com/leon_stake_pool
3437,pumppool.github.io
3438,nodegrid.io
3439,alleycatmining.com
3440,cardano.org
3441,unknown59
3442,twitter.com/LglpStudios
3444,twitter.com/Ticker_ToSA8
3446,ada.stakingkakis.com
3447,parkspool.github.io
3448,halostake.com
3449,github.com/crest9999
3450,girlspool.tech
3452,webhookrelay.io
3453,adaxstaking.io
3457,impacthk.org
3458,nu.fi
3459,sayurose.github.io/adaprima
3461,ada4science.com
3462,cross.technology
3464,uvision.co.il/en/main
3465,blockdaemon.com
3466,waratahpool.info
3468,twitter.com/nagamaru_panda?s=06
3469,megastakepool.com
3470,miaspool.business.site
3472,github.com/hhoomm/MCTStackPool
3473,git.io/JssDR
3474,sonarch.io
3475,cardanovoting.info
3477,blocksandclouds.com
3478,ada-sauna.net
3480,maroc.resilientpool.com
3483,unknown60
3484,huskypool.com
3485,cardano-pool.parakoopa.de
3490,cardano.org/stake-pool-delegation
3491,github.com/crest9999
3492,ezstaking.io
3494,adastak.com
3495,tesla.com
3497,cardano.kleap.co
3498,infosecstake.com
3499,adaio.io
3500,pool.atdt.io
3501,lucky777.io
3502,twitter.com/NiyazPool
3503,adapool.community
3504,cardano-stake-pool-cologne.com
3505,katzidien.ch
3506,cardanome.com
3507,youtube.com/cryptocapitalventure
3508,merchantdeptpool.io
3509,meld.com
3511,bit.ly/3cRZRen
3512,thebombsteak.com
3513,calypsocrypto.com
3519,bamboo-pool.com
3520,lalkul.com
3521,stake.care
3522,adacryptostaking.com
3523,cardanoforge.io
3524,twitter.com/momoadapool
3525,hwlegnano.it/cardano
3526,USSP.com
3527,mystakingpool.com
3528,moaipool.com
3529,davidramis.com
3530,thegoodnode.com
3535,myadapoolnamerocks.com
3537,pooltugal.com
3538,twitter.com/marikoono2
3541,eelada.com
3542,ukada.godaddysites.com
3544,voltpool.io
3545,mistralteam.com
3548,twitter.com/ada_pools
3549,papaw.openresolver.net
3550,zenen.space
3551,lfgpool.github.io
3552,esgpool.co.uk
3553,cardanode.io
3555,unknown61
3556,cardanocafe.org
3562,github.com/mc587
3563,github.com/cjthelegend/cardanoDogePool.git
3564,twitter.com/theeccentricowl
3565,diing.com
3566,bropool.club
3567,twitter.com/PoolKaya
3568,adasquirrel.com
3569,diamond-hands-pool.github.io/cardano
3570,btcs.com
3575,cardanaut.com
3576,ada180.com
3578,visitsingapore.com
3580,iagon.com
3581,decentralizedreality.io
3582,raw.githubusercontent.com/macracanta/m/master/m.json
3583,adapool.mokonet.com
3584,twitter.com/ktutstakepool?s=21
3585,sbwh.com.au/infinity-pool
3586,adaberrypi.com
3587,ibexpool.com/basho
3588,cardanosky.com
3589,relaypool.com
3590,armadillo-pool.org
3591,bitfindpools.com
3593,wellofcourseiknowhimhes.me
3594,evaginger.com
3595,unknown62
3598,skilov3.github.io/AliceStakePool
3600,foo.com
3601,playpool.io
3603,jettpools.io
3604,mathpool.github.io
3606,cardano.2bit.nl
3607,fungi-pool.com
3609,cryptocujo.com
3612,cardanomapleleaf.ca
3613,garlicknot.io
3614,ohanastakepool.com
3615,twitter.com/kor_pool
3616,adacardano.ro
3617,kevmate.com
3619,minasan.io
3623,youtube.com/channel/UCRvqjQPSeaWn-uEx-w0XOIg
3625,raynetwork.io
3626,raynetwork.io
3628,cardano-stakepool-aid.amebaownd.com
3629,adacashpool.com
3630,qinglong-pool.com
3631,quick-stake.io
3632,mediumrarestake.mitchjonesengineering.us
3634,ironstaking.space
3635,adaministake.com
3636,shrimp-and-stake-pool.com
3637,akiracrypto.com
3641,myadapoolnamerocks.com
3643,fire-pool.com
3644,maluiin.com
3645,unknown63
3646,wells-pool.com
3647,jerrypool.github.io
3648,cardano-whiz.whizoft.com
3649,cardanorpool.wordpress.com/5-2
3651,helia-staking.ch
3653,maladex.com
3654,arenaofbrains.com
3655,ada-czech.org
3658,blocksensus.io
3659,hashoshi.com
3660,seapool.io
3661,cardano-stake-pool.online
3662,thecouncilofbrown.github.io/cardano-node
3663,euspfcardanopool.com
3665,santoelectronics.com/santonode
3666,github.com/code-john/GIBSPOOL.git
3668,adaloop.org
3669,tinypool.fun
3670,staking-ada.de
3671,hwsp01.worldmirror.com
3673,omahacardanopool.com
3674,zodiacpool.io
3675,git.io/JZL6j
3676,youtube.com/cryptocapitalventure
3677,twitter.com/Blizzeffect
3678,clearblox.io
3680,cph4.noip.pl
3681,github.com/ADAHarvestAid/Bountiful-ADA-Harvest-Pool
3682,rogpool.com
3683,poolarbear.stani.se
3684,jettpools.io
3686,ada.xsec.es
3687,whimsy.tech
3688,ChimponziStakeHouse.com
3690,twitter.com/cardanojoker
3691,twitter.com/senjupool
3693,sakepool.com
3694,frontierstakepool.com
3695,eastern-bloc.biz
3696,stakeforindia.com
3697,foo.com
3698,flycardano.com
3699,titaniumstakepool.explogic.xyz
3700,freewallet1.net
3702,bmpool.online
3703,cardanotec.com
3704,cloudboom.io
3705,blockchain-study-group.com/nagoya-stake-pool
3708,alfa-pool.com
3710,greenada.org
3713,meroada.com
3715,gist.github.com/5dd3fd1c9305ee8da5a4b0e0c7c6c764.git
3717,adadogpool.org
3718,cardano-ada.info
3719,pandapandapool.net
3721,twitter.com/PgwadaS
3723,veteranpool.org
3725,adapools.org
3726,adatradepool.com
3727,aferranc.github.io/yodapool
3729,toolspool.online
3731,dawnstarcorporation.com
3732,kibatsu.club
3733,i-design.watson.jp
3735,ellipal.com/pages/ellipal-staking
3736,adamipool.com
3737,unknown64
3741,adazoo.com
3742,qubitpool.com
3746,adaptorpool.loxanet.com
3747,adasoar.com
3748,criptocoop.com
3749,agileandartpool.web.app
3750,pool.rickycoder.com
3752,herostakepool.com
3755,bspdefi.com
3756,meralgo.com
3757,twitter.com/GAIN_SPO
3758,gestaltpool.net
3759,twitter.com/hisa_iokinawa
3763,adabank.com.au
3765,sunshinestake.com
3766,feel-mining.com/produit/staking/cardano
3771,cryptopool.dev
3772,hoskiespool.com
3773,seebeesoftware.com/ada
3775,pinas.live
3776,armadacardano.io
3778,ada-thailand.com
3780,wvuada.com
3782,twitter.com/ECOP85954256
3784,fatech.net/cardano
3785,laninpool.com
3786,ozgreen-cardano.com
3787,kuris.org
3789,cecilstakepool.wordpress.com
3791,miyabi-kyoto.org
3792,ada-candy-stakepool.com
3793,pool.chmod777.org
3794,verified.ventures/staking/1
3795,mokumstakepool.com
3797,cunum.com/crypto
3799,cabala-pool-2.jimdosite.com
3800,whiterosestaking.live
3801,blockspaces.io
3802,storage.googleapis.com/cardano_ada_pool/index.html
3803,zpngstakepool.com
3804,harrypool.com
3805,cardanostake.io
3806,gizmopool.com
3808,thecooltank.com/mining-pool
3810,blistering.io
3813,unknown65
3814,git.io/Jn78m
3815,wottlenft.com
3816,CardanoZohar.io
3817,ankerpool.com
3818,merklestaking.io
3819,stakefornature.com
3821,github.com/cturba/maze
3823,cnguye01.wixsite.com/trofi
3824,twitter.com/kobe_ada_pool
3827,adapilot.com
3828,myadapool.com
3829,nudiada.com
3830,adapool.smsovn.com
3831,myadapoolnamerocks.com
3832,LoveandLace.com
3834,rubypools.com
3835,expo-dow.com
3836,luv1stakepool.decryptcrypto.me
3839,CryptoTuts.de
3840,floridastakepool.com
3841,cardano.securestaking.io
3842,loyaltypool.com
3843,adaly.io
3844,t.me/n1k0l1s
3845,oceanofone.com
3846,cryptofarm.com.br
3847,forbole.com
3848,ada.mywire.online
3849,abobolaispool.com
3850,linktr.ee/proofstakepool
3851,oxygenpool.io
3852,etoro.com
3853,etoro.com
3854,stakin.com
3856,xppx.io
3857,adapools.org
3858,darkartopia.art
3859,mnmcharitypool.github.io
3861,github.com/nvhieu1978
3862,mikapool.site
3863,unknown66
3864,ada.wefin.vn
3865,unknown67
3866,techs2help.ch
3868,wavegp.com
3869,kanayama12.xyz
3871,ihwc.pl
3872,kanayama11.xyz
3874,stupidcotton.com/stake-pool
3876,twitter.com/sagittarius_stc
3878,stockconquer.com
3884,dream13.io
3885,adacuan.com
3887,floki.com
3888,anadapool.site
3889,barackobama.com
3892,hippo-pool.com
3894,cardaners.com
3895,h3artpool.com
3896,unknown68
3897,linkedin.com/company/puppool
3898,https:/facebook.com/groups/1219779591789233
3899,wavegp.com
3900,staking.monozeros.ch
3901,hodlerstaking.com
3902,twitter.com/PoolOkayama
3904,fortuneada.com
3911,cardano.securesimple.com
3912,medium.com/@metash4rk
3913,github.com/rgdl12345/rgdl12345
3914,twitter.com/dBtQBPJE21IyEoI
3915,istanpool.info
3916,compasspool.io
3917,helenspool.eu
3918,twitter.com/antoniosoloz
3919,fytoboros.com
3920,gist.github.com/urbal999
3922,ratiostaking.com
3923,pool.devs.tools
3924,joinprizepool.com
3925,t.me/StakingADA
3926,bitburst.de
3928,zelsart.com
3929,sonla.online
3930,cryptocyberpunk.com
3931,jagpool.com
3932,adapool.grabtkt.com
3933,bokut.in/FBSD1
3934,rbcstakepool.com
3935,coruna.io
3936,cardinos.io/stake
3938,monkeycontracts.com
3939,AVAcsp.com
3940,poolbear.io
3941,github.com/drone-pool
3942,ada-stakepool.com
3943,cardano.sd-net.org
3944,knightsofada.com
3946,mylo.farm
3948,bitboycrypto.com
3949,coralpool.org
3950,mtxpool.github.io
3951,thuvienuocmo.org/en
3952,0pctpools.com
3953,crzpapool.it
3955,aioniospool.com
3957,boladacardano.com.br
3958,intuitions.xyz
3959,twitter.com/nappy66560609
3962,ibanx.io
3963,discord.gg/seDexvNZ
3965,twitter.com/naonao_POOL
3967,nespool.com
3968,gecspools.io
3969,cpoolborg.com
3970,adapools.org/pool/4b28cfe7a4b56216c35953ec8e187afc2e7f41b84d7c42aafb7dc8bd
3971,twitter.com/TAM_Stake_Pool
3972,romeopool.com
3973,youtube.com/channel/UCO_-AuhWHBUYq_eF63FS7bg
3974,occam-x.fi
3975,twitter.com/ADAForHumanity
3976,tero-pool.jimdosite.com
3977,drinkspool.com
3979,thebosspool.com
3980,noether.tech/blockchain
3981,coachellavalleystakepool.com
3983,mnkdigital.io
3984,nu.fi
3985,sites.google.com/view/cardanoonthemoon/inicio
3986,irfada.co
3987,tca.io
3988,ada-sirpool.com
3990,atomicat.co
3991,cardenpool.org
3992,cardanosuisse.com
3993,twitter.com/HinomaruPool
3995,innovationsvault.com
3996,unknown69
3997,cardanorules.github.io/ada
3998,cryptocoffeebeans.com
3999,incrypture-ada.com
4000,blockdaemon.com
4001,t.me/ADA_UP
4002,saigon.online
4003,reluvate.com
4005,aidapool.com.br
4006,blockdaemon.com
4007,blockdaemon.com
4008,socalstakepool.com
4009,ergo-pool.com
4010,unknown70
4011,bidu.online
4012,tralo.online
4013,hunpoolada.hu
4015,lighthousestakepool.com
4016,calvagroup.net
4017,adattitude.github.io
4018,truestaking.com
4019,pools.symmcom.com
4020,lendpool.org
4021,informatik-spezialist.ch
4022,foo.com
4025,memepools.io
4026,adasurge.com
4028,staking.coinceylon.com
4029,mobile.twitter.com/AnimalLovePool1
4030,emp0rium.com
4031,apeshodlada.com
4032,envystakepool.com
4033,innovationsvault.com/INV_MetaData.json
4034,jellypool.io
4035,moongangx.com
4037,stellence.com
4038,massadoptiontv.org
4039,butterfly.today
4040,cardano420.com
4041,github.com/ck112358/ada
4042,atlazkoin.com/adapool
4043,antiochlabs.com
4044,econoweb.be
4052,twitter.com/sakuraadapool
4053,cardano.hoplites-group.com
4054,codanar.com
4055,northpool.org
4056,cpool.podzimek.org
4057,ayame3.com
4058,0xisla.live
4059,riscv-pool.tech
4060,almapool.net
4061,decentral-iced.ch
4063,pixelblock.io
4064,cowabungacrypto.com
4065,memepools.io
4067,memepools.io
4069,solpi.de
4070,yoyogi-pool.site
4071,renewpool.ch
4072,memepools.io
4073,boobspool.com
4074,stake.micro-makers.io
4075,mateada.club
4076,cardanoreserve.com
4079,twitter.com/Signlpool
4081,git.io/JR2Vl
4082,cryptyolo.com
4083,poolaris.org
4084,EsquireAutos.ca
4085,stakeboard.net
4086,unknown71
4087,pool-iva.jimdosite.com
4088,zeropercentstaking.com
4089,acim.org/acim/preface/what-it-says/en/s/43?wid=toc
4090,cryptoland.club
4091,cryptominingsunmalaga.com
4092,cashtano.xyz
4093,InvestPool800nlb.com
4094,adaape.com
4095,nuclearstake.io
4096,unknown72
4097,unknown73
4098,toadpool.org
4099,unknown74
4100,unknown75
4101,unknown76
4102,unknown77
4103,unknown78
4106,brighterelectronicstaketechnology.com
4107,everestpool.net
4108,thethreebears.net
4109,unknown79
4111,twitter.com/choco_stake
4112,fimi.vn/ada
4113,cardanoistheway.com
4114,poolawake.jimdosite.com
4115,pernispool.io
4116,cybereye.fi
4117,twitter.com/maru7358
4118,inadapool.com
4119,cardano.cryptonodes.cloud
4120,tespool.online
4121,thc-room335.com/rama
4122,world-economic-pool.amebaownd.com
4127,cheaperpool.com
4128,cardanify.com
4129,inspirationpool.io
4130,gamingcardano.com
4131,t.me/showpool
4132,PhoenixCardanoStaking.com
4133,palebluedotpool.org
4134,greenas.io
4135,allinonada.net
4136,house-of-cardano.io
4137,animation.com/cardanostakepool
4140,cardanonodes.com
4145,stakebowl.io
4146,stakebowl.io
4147,stakebowl.io
4148,cardanode.xyz
4150,git.io/J05Jo
4151,staca.co
4153,poldipool.jimdosite.com
4154,theregenerativefarmingpool.com
4155,cardturions.com
4156,adarockpool.com
4157,unknown80
4158,ranket2.wordpress.com
4159,github.com/wwan888/ADA
4160,armada-alliance.com/stake-pools
4162,animepool.moe
4166,stuttgart-staking-pool.jimdosite.com
4167,yacpool.github.io
4169,nemopool.co.nz
4170,synergypool.io
4172,kitsunecrypto.com
4173,mihopool.com
4174,blackhengeinv.github.io/RedPandaPool
4175,noar-staking-k7qg3.ondigitalocean.app
4177,nu.fi
4178,cardanoin.africa
4179,adaimpulse.club
4181,duckpuddle.us
4182,aada.finance
4183,arigatopool.com
4184,upstream.org.uk
4185,dodopool.io
4187,rbcstakepool.com
4188,nampool.org
4189,dk-lab.ml:6285
4190,fione.co
4191,onyxstakepool.com
4192,thirdpowerlife.com/crypto
4194,kudos.wiki
4195,adastakeit.io
4197,adapooler.com
4198,alexanderharlov.github.io/0CO2Pool
4199,nycgo.com
4200,girlsofcoin.com
4202,fatstakes.com
4203,butterflystake.com
4204,lbcrypt.com
4205,cyphergrunts.com
4206,unknown81
4207,twitter.com/home?lang=ja
4211,cardanoaldia.com
4212,git.io/JuelI
4213,foo.com
4215,drokdev.pro/blog
4216,animalwelfare.cc
4217,earncoinpool.com
4218,fatmattstaking.com
4220,PeterPanPool.com
4222,vivacardano.com
4223,sites.google.com/view/mercy-charity-pool
4224,...
4225,reefstaking.com
4226,git.io/JukXf
4228,bankpool.io
4229,vetspool.io
4230,ouroboros-pool.com
4231,LaurenOCrypto.com
4232,cardano.com.vn
4233,pool.fluid7.com
4234,siberiapool.github.io
4235,stakeshift.team
4236,skypool.pages.dev
4237,bitdax.io/senti
4238,bit.ly/3DSGQV6
4239,adacardano.cl
4241,adatlv.com
4242,shardstakepool.com
4243,discord.gg/jgVVFwgGuQ
4244,tylerscrypto.com
4246,unluckythoughts.com
4247,adadeltapool.com
4248,cloudstruct.net
4253,bulbpool.com
4256,phillystake.com/cardano
4257,salmonpool.io
4258,mashelem.xyz
4259,koreapool.io
4260,etoro.com
4261,etoro.com
4262,etoro.com
4263,5chpool.net
4265,adapool.sisikoin.com
4266,bukelepresidentpool.blogspot.com
4267,lvqiaoju.com
4268,adacapital.io
4269,liapool.com
4270,bishnoicardanopool.org
4271,l.ondrac.cz/adapool
4272,convergencepool.com
4273,adaly.io
4274,razzorlabs.github.io/RzzR-Labs
4275,lovelacecnft.io
4276,nectarpool.com
4278,ada.evolhumans.com
4280,adapools.org/VIET
4281,cardanus.net
4283,raynetwork.io
4285,raynetwork.io
4287,corstakepool.com
4288,ivpc.org
4289,skyw.tech
4291,dot-stake-pool.amebaownd.com
4292,devio.dev
4295,irrcompany.com
4297,cardano-us-east-1.tradecartel.net
4299,giaspheres.io
4300,vet05.webnode.kr
4303,ursapool.com
4304,arrk.live
4305,yepple.io
4306,cardano-ada-staking-pool.com
4308,7constake.github.io
4309,flickto.io
4310,begin.is
4312,iamx.id
4313,ppdac.ltd/ada
4314,ada4.io/soil
4315,cheddarpool.net
4316,rinabit.com
4317,perdix.xyz
4319,simpleblox.com
4320,unknown82
4321,chefpool.org
4322,twitter.com/tk_gems
4323,stakeada.kr
4324,stakebowl.io
4325,stakebowl.io
4327,garudapool.id
4328,ada.4its.ru
4331,unknown83
4332,agrotcardano.com
4333,siam.mof.one
4335,youtube.com/channel/UClFNxD5mGJa-XlZIcX2ko2A
4336,tokhun.io
4337,spacecoins.io
4338,adapools.org
4339,beehiveadapool.github.io/CardanoStaking
4340,unknown84
4343,cardano-staking-pool.cms.ubx.ph
4344,eldenpool.com
4345,cryptoknox.github.io/cryptoknox
4346,mangolocostake.com
4347,totalreturn-staking.com
4348,maladex.com
4349,rraayy.com
4350,unknown85
4352,hosky.io
4353,mirqur.io
4354,geekme.com
4355,rraayy.com
4356,github.com/fabriciolima/cardanobeer
4357,adapools.github.io/tsar
4358,t.me/BIDAStakingPool
4359,daffytheducklingpool.com
4360,chaistakepool.com
4361,gemco-stake-1.gemfishco.com
4362,zerofeespool.com
4363,git.io/Jz9zA
4364,twitter.com/kameido1
4365,myadapoolnamerocks.com
4369,aegis.eagle.fish
4370,boldada.com
4371,cardanostake.de
4372,smilespool.com
4373,poapool.com
4374,coinbase.com/cloud
4375,unknown86
4376,unknown87
4377,unknown88
4378,1pc.dev
4379,abbacadabba.com
4381,tesseraecrypto.com
4382,ezpz-sandbox.mxapps.io
4383,myqueenpool.com
4385,snowingada.io
4386,twitter.com/4KOMA_StakePool
4387,woofpool.github.io
4388,unkrass.de/pool.html
4389,angkorwatstakepool.net
4390,adapool.hst-soft.de
4391,netsecology.io
4394,twitter.com/melodym72173951
4397,stak3pool.com
4399,unknown89
4400,youradamoonpool.us
4402,route.net
4403,mauicardano.com
4404,definexo.com
4406,neocasbah.com
4407,git.io/JV1zQ
4411,antrixy.github.io
4416,cnftpool.com
4417,terminada.io
4418,metaspan.com
4419,foo.com
4421,DougDo.github.io/AdaPies
4423,bakon.dev
4424,stakewithmax.com
4426,nomadpool.io
4427,cielstakepool.com
4429,blockproducer.io
4430,twitter.com/Sappo77sapporo
4432,ttl-pool.site
4433,ruadapool.com
4434,pool.uplay.io
4435,stakepooler.com
4436,tropicpool.io
4438,orelvis15.github.io/pool
4439,sidan.io
4440,perpetualindustries.com/gem-cryptomining.html
4441,adapool.nebulacyber.com
4442,0AAAA.org
4443,adapools.org/pool/1ed9bb5ed9e686c0ae6bfbcd8f61f7189b56c77d1ec42eb2b3465323
4444,logiforge.com/cardano1
4445,monedacloud.io
4446,yummiuniverse.com
4447,elevate-staking.com
4449,kaerukingdom.com
4450,wavepool.digital
4451,wavepool.digital
4452,wavepool.digital
4453,wavepool.digital
4459,thegroovynerd.com
4460,samurai-pool.net
4461,midnort.com
4463,jaguares.org
4464,perkypool.net
4466,18.119.65.114/index.html
4467,adachain.net
4468,karel-pc.cz
4470,ADAMDWST.com
4471,change.paradoxicalsphere.com
4472,mcrypt.me
4474,twitter.com/adanations1
4475,maladex.com
4478,maladex.com
4479,abepool.org
4480,rexstakepool.com
4481,maladex.com
4482,emurgo.io
4483,wavepool.digital
4484,stakecool.io
4485,ergo-pool.com
4486,5hare-pool.5pecia1.dev
4487,koipond.xyz
4488,adapool.mycoin.group
4489,wavepool.digital
4491,battlewits.com
4492,twitter.com/PalmaDeCardano
4494,ccodexstakepools.com
4495,theada.team
4496,cardanofudz.com
4497,zpngstakepool.com
4498,kowloon-central.github.io/kowln
4499,amishpirate.com
4500,cardanoa1steak.com
4501,midlandsblockchain.com
4504,getwildr.github.io
4505,genieblockchain.netlify.app
4506,git.io/JPW0U
4507,kyotopool.net
4508,nilepool.net
4509,forestpool.de
4510,trandangquang.com
4511,fujipool.net
4512,topclick.vn
4513,w3c.zone
4514,sonypool.net
4515,adacucumber.com
4516,puppypool.ch
4517,tux-pool.com
4519,twitter.com/bistequr55
4520,cardanonodes.com
4521,matakanode.io
4522,xwin.com.my
4523,BrazilPool.com
4525,wariyer.com
4526,adamoney.net
4527,ada.tdot.finance
4529,memepools.io
4530,memepools.io
4531,memepools.io
4532,wingstake.com
4533,gpg-stakepool.com
4534,poolfixada.com
4535,studio3121.com
4536,lovelike.io
4537,bliss-pool.net
4538,carpediempool.com
4540,catalystswarm.com
4542,elmpi.net
4543,klickerstakepool.com
4545,adaforwarriors.io
4546,syntagma.capital
4548,twitter.com/HutanPool
4549,memepools.io
4550,memepools.io
4551,memepools.io
4552,unknown90
4553,memepools.io
4554,memepools.io
4555,memepools.io
4556,memepools.io
4557,quality-assurance-dao.github.io
4558,good4you.ru
4559,LoneStarStaking.net
4560,sharethelovelace.xyz
4562,pnyx-trading-co.com
4563,git.io/JXaV6
4565,ada.solutions2stake.com
4568,memepools.io
4570,archpool.net
4571,twitter.com/LumpAHV8Lx1LGtU
4573,cloneddodo.com
4574,l3labs.org
4575,empowa.io
4576,algopool.io
4577,kablammo.com
4578,rckstr.io
4579,stakepool.at
4580,twitter.com/hishinoki
4582,secretdecks.com
4583,servepool.co
4584,ibrastakepool.com
4586,twitter.com/WkAnlgYo
4587,easterntownhall.com
4588,hosky.io
4589,adapool-europe.com
4590,git.io/JItdr
4591,git.io/JItdr
4592,aada.finance
4593,youtube.com/channel/UCRvqjQPSeaWn-uEx-w0XOIg
4594,ardana.org
4595,worldmobiletoken.com
4596,pigytoken.com
4597,namiwallet.io
4598,meld.com
4599,tutorialcrypt.com
4600,edustake.io
4601,xc0de.io
4602,cardanoaim.io
4605,MaineBlockchain.com
4606,unknown91
4607,t.me/stormnw_pool
4608,nordicpool.org
4609,memepools.io
4610,memepools.io
4611,memepools.io
4612,memepools.io
4613,memepools.io
4615,mtsk.link
4616,fox-staking.com
4617,innovatiofounder.com
4618,ada.unshadow.io
4619,occam-x.fi
4620,git.io/J1SA0
4621,deptsnet.com
4622,unknown92
4623,reyts.com/reytspool
4624,crypto-currency-academy.com/cardano
4627,youtube.com/channel/UCRvqjQPSeaWn-uEx-w0XOIg
4628,mokshpool.org
4631,twitter.com/DubaiNumberOne
4632,stakewithnerd.com
4636,mouselane.com
4637,roampool.com
4638,bridgebuilders.io
4639,nxgn.co.th
4640,aada.finance
4641,bluecheesestakehouse.com
4642,empowa.io
4643,adalot.de
4644,git.io/JItdr
4645,getsambaviva.com
4646,stakit.io
4647,youtube.com/cryptocapitalventure
4649,davidbeckham.com
4650,geniusyield.co
4651,genius-x.co
4652,anetabtc.io
4653,mirqur.io
4654,anetabtc.io
4655,davidbeckham.com
4656,CardanoPark.com
4657,atlasstakepool.com
4659,technotes.asia/adapool
4660,thkpool.com
4661,genius-x.co
4662,genius-x.co
4663,catalystcircle.io
4664,stakewithnerd.com
4665,blokchef.com
4666,deni64k.online/cardano
4668,unknown93
4669,ribeyestake.com
4670,en.wikipedia.org/wiki/Japan
4671,Safestakela.com
4672,cardano01.corehounds.com
4673,nordicpool.org
4674,stakr.nl
4675,cardano.stakercove.io
4676,iamx.id
4677,iamx.id
4678,adapools.tech/henry
4679,iamx.id
4680,thecatalyst.school
4681,spocra.io
4682,tamil.finance
4684,maladex.com
4685,ada.trik.club
4686,stakeada.kr
4688,kriptolando.net
4689,fcp.marcelwettach.eu
4691,cardofortress.com
4692,enjoyadastaking.it
4693,pools.cardano.icodeit.io
4694,bmwant.github.io/scamtoken
4695,shiokcardano.github.io
4696,poolarized.com
4697,git.io/JMFQL
4698,artemisone.org
4699,myadapoolnamerocks.com
4700,ada.mnr.lt
4701,0xdeadbeef.network
4702,airecardano.com
4703,daffytheducklingpool.com
4704,adapools.org/pool/dcf8e21e88051ccfd55a6baf510a9fe8c9d5b06cbea0e3b7ec013adc
4705,candlestake.com
4706,maladex.com
4709,politikoz.io
4710,e-quainted.com
4711,cardanians.io
4712,genius-x.co
4714,dionysus-pool.io
4715,dionysus-pool.io
4716,dionysus-pool.io
4717,dionysus-pool.io
4718,dionysus-pool.io
4720,rollway.it
4722,sigmastake.com
4724,twitter.com/oknw_pool
4725,beadapool.com
4726,solydar.org
4727,dharmapool.com
4728,twitter.com/nvetech
4729,git.io/JD1Aa
4730,lambdapool.com
4731,unknown94
4732,cypherkicks.com
4733,unknown95
4734,emurgo.io
4735,chimpy.click
4736,xstakepool.com
4738,sockstake.io
4739,evochro.me
4741,xn--andthegang-wo26i.ml
4742,harmonicpool.on.fleek.co
4743,celts.io?pool=celts
4744,celts.io?pool=anne
4745,celts.io?pool=chloe
4746,celts.io?pool=maeve
4747,cardanobits.art
4748,fortepool.io
4749,stake-crypto.co.uk
4750,unknown96
4751,altopool.com
4752,adamoose.com
4753,sarkpool.co.uk
4754,poolforlovelace.me
4755,niupool.io
4756,toxopool.com
4757,slothpool.io
4758,theartbank.io
4759,dynopool.com
4760,goofinator.com
4761,no-tax.biz
4762,youtube.com/channel/UCf64J3dPdVRT6OJf57m-uyw
4763,cardano.schroeffu.ch
4764,sage3.org
4765,twitter.com/HGK000
4766,glowstake.com
4771,gaien1-staking.xyz
4772,token.stakepool.cc
4774,stakemachine.net
4775,higer-stakepool.com
4776,twitter.com/maple_pool
4777,example.com
4779,twitter.com/Rd7hrujn2Xv5FS2
4780,cardanoadapool.wixsite.com/pvtstakepool
4782,youtube.com/c/InGoodFortune
4784,third.earth
4786,forzapool.com
4787,CardanoOnWheels.com
4788,adacash.io
4789,northwestwind.org
4790,adapools.org/AMZ1
4791,hodl4tesla.com
4792,unknown97
4793,stake.adaspin.io
4794,cryptotrek.xyz
4795,DreamCardano.com
4796,cardanopub.io
4798,sspo.one
4799,nurse-node.com
4803,stakechaiin.io
4804,encoins.io
4805,footystakepool.com
4806,twitter.com/kazewa_minami
4807,infinitepool.io
4808,persimmon-pool.com
4809,timmyverse.com
4811,cardanospark.com
4812,foo.foo.com
4813,gerowallet.io
4814,pool.ravendex.io
4815,timmyverse.com
4816,arkanopool.wordpress.com
4817,ada.lovelace.center
4818,devstakepool.github.io
4819,anetabtc.io
4820,anetabtc.io
4821,twitter.com/yuzuppy1
4822,growingada.org
4823,twitter.com/ProjectNTK
4824,node.thefatpenguin.com
4826,cardano.org
4827,twitter.com/Rd7hrujn2Xv5FS2
4828,twitter.com/mac5_alpha
4829,nmkr.io
4831,timmyverse.com
4832,tokyn.net
4833,whalezone.fr/stake.php
4834,cardanistas.io
4836,niftycharities.org
4838,swoopstake.io
4840,one-step-cardano.com
4841,motostakepool.com
4842,twitter.com/ForivoraPool
4843,octivio.com
4844,cardanobuff.com
4845,spo.clydedev.com
4846,geldtiger.at
4848,storage.googleapis.com/spain-pool/index.html
4849,github.com/ronaldderksen/cardano
4851,universe25.io
4852,cambpool.com
4853,makerkarma.org
4854,cwhp.io
4855,carbonpool.org
4856,gravypool.com
4857,mercatorstake.com
4860,tkcoin.org/tikpool
4861,cbosp.com
4862,genius-x.co
4875,trend-eleven.com.au
4883,cardano-tense.github.io/tense/poolmeta.json
4892,adapunkz.io/pool
4896,puffinpool.com
4900,cardano.veo.link
4902,peakchain-pool.com
4905,unbounded.earth
4906,unknown98
4909,twitter.com/Diamond25758632
4913,sporepool.com
4915,youtube.com/c/UGCapitalVenture
4916,twitter.com/nkr_1234
4917,vode.se
4918,poolnet.io
4920,armyofspies.io
4921,infiniastakepool.com
4922,rambopool.org
4925,github.com/nyanpoolz/pool_kuramori
4927,cardano-thailand.com
4930,twitter.com/ARSA_usui
4931,twitter.com/macne_y
4932,cardanode.io
4933,stakepool.hashpay.ch
4934,twitter.com/CardamomPool
4935,monster-stakepool.com
4937,orangeandblue.io
4938,zjavax.github.io/cardano_doc/#
4939,stakepool.obiobi.at
4940,blockdaemon.com
4941,blockdaemon.com
4942,blockdaemon.com
4943,stanleybarrel.com
4944,cerp.dev
4945,dropcnft.com/pool
4946,synk.energy
4947,clean.watercontaminationdata.org
4948,dataDyne.earth/cardano
4949,vasilstdabov.org/staking-pool
4950,github.com/Kassiel706
4951,hendrikschmeer.de/crypto/pool
4953,hephy.io
4954,kashpool.io
4955,kryptoknechte.de
4956,bluemickeystakepool.com
4957,adaversepool.com
4958,taverncrypto.com
4959,twitter.com/RANMA83054020
4960,vivpool.com
4961,tbonestake.io
4962,poolpeek.com/#/pool/598fc7f0a2108f952d6ee96939e7a8ecc290b69ebf62c6c0986c8e20
4963,steels.me
4964,mascot.gallery
4966,balanceanalytics.io
4967,1mate.io
4968,foo.com
4969,flairstaking.io
4970,onetreeblock.com
4971,cardano.subnote.io
4972,twitter.com/Berry__Capital
4973,storage.googleapis.com/india-pool/index.html
4975,grokism.com
4976,twitter.com/simple_stake
4977,r.acuda.site/ada
4978,lilystake.xyz
4979,neighborlypool.xyz
4980,prosperspective.com
4982,stake.love
4983,stakecardanopool.com
4985,thecryptobuff.com
4986,cornerstonestakepool.com
4987,poolmeta.tcrs.co.jp
4988,bisoncoin.io
4989,wavepool.digital
4990,wavepool.digital
4991,wavepool.digital
4993,moralesstakepool.io
4994,twitter.com/LottoLabs
4997,humanity-pool.com
5001,genesis.space
5002,cardanocookies.net
5003,wayacollective.com
5004,marjun.net
5008,blockops.zone
5009,yuriyuriyuri.xyz
5010,bitterbalpool.nl
5011,petloverstake.com
5013,cairnz.com
5014,unknown99
5015,adaooo.com
5016,unknown100
5017,battleborgz.com
5018,unknown101
5019,unknown102
5020,unknown103
5021,unknown104
5022,unknown105
5023,unknown106
5024,unknown107
5025,unknown108
5026,unknown109
5027,unknown110
5028,unknown111
5029,unknown112
5030,unknown113
5031,unknown114
5032,unknown115
5033,unknown116
5034,unknown117
5035,unknown118
5036,unknown119
5037,unknown120
5038,unknown121
5039,unknown122
5040,unknown123
5041,cardano.creativedock.cloud
5042,atocatl.github.io
5043,MooneyMint.com
5044,tap.nc
5045,stake.love
5046,wavegp.com
5047,wavegp.com
5048,bit.ly/3qxUess
5050,youtube.com/channel/UCeaoOTTk-m6g5QJGSDqPNMA
5051,twitter.com/Berry___Capital
5052,justgain.co.uk
5053,unknown124
5054,unknown125
5055,unknown126
5056,unknown127
5057,unknown128
5058,twitter.com
5060,gameon.ch
5061,theukpool.com
5062,b166adapool.org
5063,vibs.buzz
5064,datagateway.co.jp
5067,adapools.org/pool/726f46e3179898154ef9cfbd0fdf5f0bf70b53aabcbc642f05e8b3d7
5068,earthnatives.io
5069,minswap.org
5070,adapools.org/pool/4fe880d45cd6170400e70adc79591d8562cbfee07e25e506422da0d7
5071,unwoke.tech
5072,ambassadors-guild.io
5074,probablyAnInvalidURL.maja
5076,stakegreen.com
5079,ada-relay.fcrusing.me
5080,twitter.com/LambrettaPool
5081,bakrypt.io
5082,GOmetalaunch.org
5083,whitelotuspool.com
5086,kiss-pool.com
5087,fore-co.ltd/index.php
5088,gomapool.com
5089,coinpayu.com
5090,spo.livemusic.show
5091,komanipool.com
5092,unknown129
5093,eutxo.net
5094,hysleeper.github.io/meow
5095,thc-room335.com/rama
5096,gokey.network
5097,reetg.io
5100,charitylounge.info
5101,skylightpool.com
5102,iagon.com
5103,ada.solar
5104,kestrelpool.com
5105,unsigned_algorithms.hns.to
5107,dltsecure.net
5109,csp.lineofwork.eu
5110,adamill.io
5111,anchorofhopepool.com
5113,phoenixstakepool.com
5114,u.is
5115,adapool.finance
5116,system76-server.encyclopedia.tw/crypto/cardano
5117,pool.multicode.nl
5118,monsterstakepool.com
5120,serpius.com
5121,fintechblog.net
5122,boerig.com
5124,twitter.com/harudaibab
5125,localnft.io
5126,mi-defi.com
5127,julianx.io
5128,myadapoolnamerocks.com
5130,sites.google.com/view/andromedaway
5131,thecryptojunction.ca
5132,designsesh.com.au
5134,perplexus.io/dao-pool
5136,nordicstaking.se
5137,twitter.com/Umikajipool
5138,samuraicardano.wixsite.com/ada-stake-pool
5139,iohk.io
5140,celsius.network
5141,celsius.network
5142,celsius.network
5143,google.com
5144,puurrty.io
5145,unknown130
5146,amantis.club
5147,rafflepool.net
5148,raynetwork.io
5149,raynetwork.io
5150,raynetwork.io
5151,rhodiumcoin.net
5153,derpbirds.io
5154,flac.finance
5155,flac.finance
5156,cardanopotato.com
5157,r89.io
5158,meritus.work
5159,blockinvestmentgroup.com
5160,myadapoolnamerocks.com
5161,gada.finance
5162,demu.pro
5163,CardanoADAsaverPool.ca
5164,ddos.design
5166,dreambeanmachine.com
5167,proficardanostaking.com
5168,redpool.space
5169,loxeinc.com
5170,greenpoolada.com
5171,ok-man.com
5172,flantoshi.com
5173,twitter.com/Oveis_HJ
5174,ranket2.wordpress.com
5175,preeb.cloud
5176,themagicadapot.com
5177,summonplatform.io
5179,relay0.ais-staking.site
5180,cardanions.github.io
5182,ugcapitalventure.com
5183,harborstakepool.com
5184,unknown131
5185,unknown132
5186,unknown133
5187,unknown134
5188,unknown135
5189,unknown136
5190,ohanavalhalla.com
5191,etoro.com
5192,adayield.io
5193,lexen.be
5194,monsterstakepool.com
5196,gada.finance
5197,theparallelrevolution.com
5198,wildstakingpool.com
5199,etoro.com
5200,etoro.com
5201,cardano.valnode.org
5202,etoro.com
5203,etoro.com
5204,etoro.com
5205,etoro.com
5206,9stake.com
5207,thc-room335.com
5208,nftraffle.club
5209,cardax.io
5211,unknown137
5212,unknown138
5213,unknown139
5214,unknown140
5218,stakinghouse.com
5221,validator.cex.io/ada
5222,kraymerica.com
5223,validator.cex.io/ada
5225,uniscroll.io
5226,fatfrog.io
5229,thescenepool.com
5232,thc-room335.com/rama
5241,scatdao.com
5244,unknown141
5256,republiccrypto.com
5263,republiccrypto.com
5265,digitwall.art
5266,litstaking.com
5271,stakebowl.io
5272,stakebowl.io
5284,kiki.finance
5289,adaperks.com
5292,kubecoin.org
5294,blueocean.sg
5311,addigital.de
5333,docs.discoin.family
5349,unknown142
5360,cardanocenter.pl
5362,marsbirds.art
5397,cardalonia.io
5407,314pool.com
5408,xmexicostakepool.com
5412,brewclub.io
5419,mydp3.com
5422,raisondetrertb.art
5423,mlabs.city
5431,bitpoint.co.jp
5448,thc-room335.com/rama
5461,ipmcomputers.com
5472,larissa.health
5475,pool.azmera.io
5501,cornucopias.io
5509,deviceworx.com
5517,twitter.com/LuraStakePool
5525,reitcircles.com
5526,junglestakepool.com
5531,stitched.us
5533,facebook.com/tony.carin
5536,cardanopool.ccas.vn
5540,best-pool.net
5554,hicoin.ca
5561,astarter.io
5563,kiln.fi
5576,twitter.com/NantokaSPO
5581,allcha.in
5582,westcoaststaking.ca
5589,steel-server.com
5600,twitter.com/AdaSportsPool
5617,iagon.com
5618,raynetwork.io
5629,danketsu.io
5630,trrxx.github.io/Dojo-Stakepool
5642,restake.net
5655,youtube.com/watch?v=d-diB65scQU
5663,raynetwork.io
5665,shibatoken.com
5666,p2p.org
5668,everstake.one/cardano
5677,cardanoturkiye.org
5679,stakepoolservice.com
5680,orcada.io
5681,nu.fi
5682,myadapoolnamerocks.com
5683,twitter.com/HIT40877568
5684,fore-co.ltd
5700,coinbase.com/cloud
5703,orelvis15.github.io/pool
5711,pool.ryoku.org
5713,fialka.live
5720,feral-ada.co.uk
5725,htkp.tokenchain.network
5726,adautism.io
5730,cardanochinese.site
5733,harmlesscoin.com
5739,dotare.io
5749,stakeside.xyz
5752,newm.io
5753,pallamus.com
5760,knoxprotocol.com
5762,cardaniano.com
5763,boxedcloud.net
5783,centuo.com
5799,laboticaanimal.com/stakepool
5802,larissa.health
5806,ada-anvil.io
5833,rumipool.com
5856,sites.google.com/view/thrvdada
5862,unknown143
5878,armada-alliance.co
5884,bitfins.io
5886,twitter.com/yukiyukikomkom
5891,cardano-france-stakepool.org
5906,muen-project.com
5909,github.com/AcuteGravityWavePool
5914,wedonthaveyet.com
5918,cryptedhoard.com/pool
5925,cswap.info
5926,cswap.info
5931,cardanoblockchain.wiki
5937,mallardorder.io
5953,dex.adax.pro
5954,brkb.tech
5955,cardanopool.okanet.cz
5978,cardano2vn.io
5982,unknown144
6010,cardanosolution.org
6014,ringsofstaking.ddns.net
6018,adastrium.io
6030,infiniastakepool.com
6037,twitter.com/DeadRabbitRS
6038,soillada.com
6042,luganodes.com
6073,bonds.org
6077,trickster.fi
6082,bestadapool.com
6083,twitter.com/9DDPk57qMpPeRX0?t=pAfWPMKByGAlGFFGVsI-mQ&s=06
6095,cryptovios.com/stake/ada
6096,unknown145
6097,unknown146
6098,unknown147
6099,unknown148
6100,unknown149
6101,unknown150
6103,unknown151
6104,unknown152
6105,unknown153
6106,unknown154
6109,github.com/impyer/dedwen
6110,twitter.com/Cardano_ISSA
6111,adazulpool.com
6121,felizstakepool.com
6146,gappool.com
6152,github.com/schnph/dedwen
6154,exweb.it
6155,koralabs.io
6156,kirkstone.io
6175,ada.thenorthminer.com
6180,cardano.moon.bindcloud.jp
6194,blocklabs.info
6207,hawak.cloud
6218,able-pool.io
6227,twitter.com/shiodome47
6228,github.com/dodopontocom/yacp
6232,pool-party.co
6234,l.thibautrey.fr/m31
6240,bestpoolever.com
6243,twitter.com/marumarutonton
6245,jerypto.io
6246,sweepstakepool.io
6247,cardano.devteam.inc
6250,unknown155
6251,rtistpool.carrd.co
6260,unknown156
6262,unknown157
6263,unknown158
6264,unknown159
6265,unknown160
6266,unknown161
6267,thc-room335.com/pri
6268,unknown162
6269,unknown163
6270,unknown164
6271,unknown165
6272,unknown166
6273,unknown167
6274,unknown168
6275,unknown169
6276,unknown170
6277,unknown171
6294,twitter.com/momonga99_spo
6295,node4090.eu
6308,beampool.io
6310,AdaKidsBAR.com
6315,wiins.io
6319,twitter.com/corazondecabo
6336,vfstudios.io
6347,pooltool.io
6353,morecryptoonline.com
6354,futurocardano.com
6358,cardano.org
6365,sustainableenergypool.eu
6367,unknown172
6368,unknown173
6369,unknown174
6370,unknown175
6371,unknown176
6381,santoelectronics.com/santonode
6389,artemispool.co.uk
6408,rug.watch
6422,54.208.74.209/index.html
6423,l3labs.org/fenrir
6426,adapools.org/AURA
6431,bitpoint.co.jp
6453,cardano.org
6471,bkvpool.com
6475,github.com/libertalis/cardanomateas
6479,adamantiumca.github.io/Home
6488,mtada.eu
6512,szero.us
6518,unknown177
6523,doctorstake.network
6527,spojapanguild.net
6534,chilledkongs.com/pool
6535,en.wikipedia.org/wiki/Unicorn
6548,unknown178
6549,xerberus.io
6560,ud.me/peaceandfreedom.blockchain
6563,facebook.com
6583,cryptogenesis.info
6586,helloworldpool.com
6587,tlaib.com
6588,SudoInvestments.com
6593,unknown179
6597,127.0.0.1
6616,holomorphix.xyz
6622,fabiosiqueira28.wixsite.com/pool-fsscardano
6661,blog.naver.com/cardano-
6671,cryptopath.me
6674,pool.cryptobus.fm
6675,logyqprotocol.com
6679,blog.naver.com/cardano-
6686,ecxtoken.io
6689,bit2me.com/suite/nodes
6702,vividpool.io
6703,bridgetowercapital.com
6704,123hub.net
6705,popupworld.co.uk/popupworldtoken
6706,cardano1st.com
6707,scifipool.com
6708,adapools.org/AOTA
6709,metamorphys.github.io/EucalyptusPool
6710,mochipool.com
6711,ispo.occam.fi/project/4
6712,facebook.com/profile.php?id=100088597645975
6713,stake-crypto.co.uk
6714,ispo.occam.fi/project/3
6715,cryingmybest.com
6716,stakinbacon.com
6717,twitter.com/QAnjftSymSinPhz
6718,teststakepool.com
6719,airnodeangels.io
6725,campfire-stake-pool.com
6728,adascan.co.uk
6736,cardano.bingostaking.io
6737,hinomaru.blog/lp/hinomarustakepool
6741,geminipool.io
6756,twitter.com/pradon730
6769,happystaking.io
6770,nanyka.com
6773,swimmingpoolop.github.io/pools
6774,swimmingpoolop.github.io/pools
6775,swimmingpoolop.github.io/pools
6776,swimmingpoolop.github.io/pools
6777,swimmingpoolop.github.io/pools
6778,swimmingpoolop.github.io/pools
6779,swimmingpoolop.github.io/pools
6780,swimmingpoolop.github.io/pools
6781,swimmingpoolop.github.io/pools
6782,swimmingpoolop.github.io/pools
6783,swimmingpoolop.github.io/pools
6784,swimmingpoolop.github.io/pools
6785,swimmingpoolop.github.io/pools
6786,swimmingpoolop.github.io/pools
6787,swimmingpoolop.github.io/pools
6788,swimmingpoolop.github.io/pools
6789,swimmingpoolop.github.io/pools
6790,swimmingpoolop.github.io/pools
6791,swimmingpoolop.github.io/pools
6793,unrefugees.ch/en/refugee-stakepool
6794,shareslake.com
6812,plusless.love/plusless-cardano-stake-pool
6813,dappcentral.net
6814,orangeandblue.io
6816,ada.userland.se
6828,colonystake.com
6831,moton.io
6838,unknown180
6845,thecardanocrew.io
6846,nftcreative.ca
6847,cardanofootballclub.com
6848,spice-pool.com
6849,teenytinypool.com
6850,dubaistakepool.com
6853,aus800.com.au
6861,feel-mining.com
6862,DigitalHoney.io
6864,chip-coin.com
6865,ada.661688.xyz
6866,antimo.io
6867,cardanoclanns.io
6868,kiln.fi
6869,kiln.fi
6870,kiln.fi
6871,bloq.com
6872,ivyoracle.xyz
6873,upbit.com
6874,upbit.com
6875,upbit.com
6876,upbit.com
6877,upbit.com
6878,eyeonanime.com
6879,unknown181
6882,cloud.chainup.com
6883,clovernodes.io
6884,lionpool.io
6886,fluidtokens.com
6887,stakepool.ccccoin.io
6888,5foldfinancial.com
6889,amapools.info
6890,orcfax.io
6891,kumojoy.com
6892,laponia.io
6893,theplunge.io
6894,emurgo.io
6895,isygnal.com
6897,coin.z.com/jp
6898,t1.dexinfo.cc
6899,dsit-pool.github.io
6900,tempus-stakepool.ch
6901,cardanode.io
6902,sudo.tech
6906,tiktok.com/@cardano.asia
6907,iagon.com
6908,safestake.cc
6909,muen-project.com
6912,nftonstake.io
6913,unknown182
6919,chatgptpool.xyz
6920,infiniastakepool.com
6921,cardanomalaysia.io
6923,adabrics.com
6924,cardanolink.net
6925,blockdaemon.com
6926,orcahub.net
6927,ids4u.be/staking-pool
6928,roastfrog.com
6929,github.com/771test/testpool
6930,moonstake.io
6932,coralstake.com
6933,proskills39.com
6934, arratha.com/adapools
6936,lionpool.io
6937,lionpool.io
6938,lionpool.io
6939,contextsolutions.com
6940,upbit.com
6941,upbit.com
6942,upbit.com
6943,upbit.com
6944,upbit.com
6946,tiktok.com/@cardano.asia
6947,twitter.com/AsiaCnft
6948,ada.pureland.live
6949,cardanokanal.at
6950,mipool.one
6953,club101.io
6956,idopass.finance
6957,gen-zaff.vercel.app
6962,ada-bamboo.com
6964,sukhjohal00.wixsite.com/venom-pool
6965,thebmorejoker.github.io
6966,dega.org
6967,binance.com/en/earn
6968,binance.com/en/earn
6969,binance.com/en/earn
6970,binance.com/en/earn
6971,binance.com/en/earn
6972,binance.com/en/earn
6973,binance.com/en/earn
6974,binance.com/en/earn
6975,binance.com/en/earn
6976,binance.com/en/earn
6977,binance.com/en/earn
6978,binance.com/en/earn
6979,binance.com/en/earn
6980,binance.com/en/earn
6981,binance.com/en/earn
6982,binance.com/en/earn
6983,binance.com/en/earn
6984,binance.com/en/earn
6985,binance.com/en/earn
6986,binance.com/en/earn
6987,binance.com/en/earn
6988,binance.com/en/earn
6989,binance.com/en/earn
6990,binance.com/en/earn
6991,binance.com/en/earn
6992,binance.com/en/earn
6993,binance.com/en/earn
6994,binance.com/en/earn
6995,binance.com/en/earn
6996,binance.com/en/earn
6997,binance.com/en/earn
6998,binance.com/en/earn
6999,wingriders.com
7000,pgpstaking.com
7002,tvvin.com
7003,tvvin.com
7006,missionzambia.org
7007,twitter.com/u0001stakepool
7008,rockx.com
7009,newm.io
7010,mav100.org
7011,tygar-pool.com
7012,feel-mining.com
7013,sireto.com
7014,theplunge.io
7015,snekcoinada.com
7016,chicando.net
7017,pool.kapybara.io
7019,sites.google.com/view/blkn/home
7021,unknown183
7022,twitter.com/kayabuki2630842
7024,thomasblock.io
7025,lionpool.io
7027,twitter.com/KIBIpool
7030,dgafcoin.io
7031,rockx.com
7032,rockx.com
7035,rockx.com
7036,rockx.com
7037,rockx.com
7039,chitatapu.surge.sh
7042,adamagicpond.com
7043,4freedomstakepool.wixsite.com/4freedom-stake-pool
7044,adaclub.live
7045,ibexpool.com/rakuda
7046,trefi.online
7047,solcy.xyz
7049,cardano.services
7054,twitter.com/TMICardano
